food,store_name,위도,경도
간장게장,춘남식당,37.5615896264821,126.918127413756
간장게장,장안동 먹깨비 간장게장 해물아구찜,37.5688108189618,127.069843827191
간장게장,예담밥상,37.5425201943402,127.065222308231
간장게장,명현만간장게장무한리필,37.5515008030203,126.91395024016
간장게장,진미식당,37.550607750987,126.955802324859
간장게장,본가진미간장게장,37.5083270530231,127.111312208939
간장게장,보스 간장게장 서울식물원점,37.5722444079878,126.83284283132
간장게장,장안동 먹깨비 간장게장 해물아구찜,37.5688108189618,127.069843827191
간장게장,순미네행복게장 동대문점,37.5677113760105,127.007765983844
간장게장,레알 간장게장 무한리필 본점,37.6368480826814,127.030126161232
간장게장,장지녕 간장게장,37.532381186051,127.007257834517
간장게장,일미간장게장,37.5708963505639,127.071502974477
간장게장,홍대간장게장 홍일품,37.5480763374107,126.918723849723
간장게장,수라간,37.5619762648442,126.924654153
간장게장,산들해 송파점,37.5168418632122,127.113151435777
간장게장,한가람 본점,37.5625153279648,126.978928412409
간장게장,옹기꽃게장,37.6885019308631,127.041255889202
간장게장,필녀의 한정식,37.5026996589609,127.138331533475
간장게장,양반댁,37.5724228675599,126.986345478823
간장게장,연평도꽃게아구낙지,37.5677070768129,127.044849687717
간장게장,라메흐꺄도,37.5211270318868,126.887036322921
간장게장,고미정,37.5727032919594,126.937032800217
간장게장,어촌,37.6203849302826,127.028173848583
간장게장,신사꽃게당 압구정로데오점,37.5237561531657,127.037083772824
간장게장,게장게장게장 마곡본점,37.5596113961056,126.837242277605
간장게장,대방골,37.5309293878191,126.921083475319
간장게장,대문한정식,37.6637007124723,127.027547248279
간장게장,프로간장게장 신사본점,37.5145780257989,127.019168572867
간장게장,산들해반포,37.5043279449175,127.001088324244
간장게장,명량간장게장,37.5591532341498,126.836520966803
간장게장,섬집,37.5245145198466,126.965263794581
간장게장,강동반상,37.5498036802654,127.175347693962
간장게장,서산꽃게,37.5399066278021,126.947949818923
간장게장,수빈,37.5718326214987,126.934315419754
간장게장,평해옥,37.5733988267483,126.988941667722
간장게장,게방식당,37.5172793416394,127.039438577106
간장게장,화해당 여의도점,37.5270870121653,126.916930544113
간장게장,중앙갈치식당,37.5597882067481,126.977078575528
간장게장,홍익게장 홍대본점,37.5592971076413,126.916805613021
간장게장,큰기와집,37.5787470168012,126.985411258625
간장게장,서산간장게장,37.5708963505639,127.071502974477
간장게장,기깔난게장 무한리필 장안동본점,37.5670706913176,127.067266203438
간장게장,원조봉순게장,37.5610226183,126.962192415514
간장게장,오다리집 간장게장,37.5024741248281,127.036929842086
간장게장,꽃지 삼성점,37.5142207671959,127.061618047272
간장게장,일품진진수라 광화문점,37.5706161018862,126.980559892691
간장게장,신사꽃게당 본점,37.5194132595853,127.019725336668
간장게장,함초간장게장,37.5620005331406,126.986563787577
간장게장,게새장터,37.4975461306128,127.031093425879
간장게장,영의정 여의도점,37.5211195361581,126.930836281461
간장게장,꽃누리들밥 경복궁점,37.5773491901202,126.980283277
간장게장,전주청국장집,37.5153529303454,127.017751581004
간장게장,신가네 명품간장게장,37.6408464089227,127.01923563971
간장게장,꽃게나라,37.5559851906057,126.924959983779
갈비찜,한상도,37.5012561205416,126.948967568323
갈비찜,인생식당,37.5588715323451,126.946071334253
갈비찜,브라더매운갈비찜 문래본점,37.5170413247537,126.888151351038
갈비찜,최대감네,37.5740605788743,126.986112777089
갈비찜,감동식당 노원 본점,37.6616155780956,127.066592534371
갈비찜,대홍집 잠실새내본점,37.5099761918389,127.08093758217
갈비찜,성북동면옥집,37.595893623474,126.988630794544
갈비찜,사대부집 곳간,,
갈비찜,소신이쏘 신촌본점,37.5571916583588,126.935538464112
갈비찜,24시 산더미불고기,37.5494642492429,126.92059815387
갈비찜,매우매오 강남역별관,37.5035470261996,127.026603103656
갈비찜,신사랑매운갈비찜 수유본점,37.6387147644931,127.023716087019
갈비찜,곰바로곰탕,37.4909880663275,127.034017906367
갈비찜,광화문국밥,37.5689547897755,126.975422571498
갈비찜,들풀한상,37.5555074270899,126.919805526616
갈비찜,서촌기와집 경복궁본점,37.5765029422752,126.970233707163
갈비찜,옛촌매운갈비찜,37.5138868153175,127.109451314411
갈비찜,조선초가한끼 마포점,37.544433068066,126.944966011605
갈비찜,동선식당,37.5898357063339,127.019107353745
갈비찜,조양관한정식,37.49494258899,127.027426341397
갈비찜,북촌김치재,37.5778350343218,126.986191887225
갈비찜,동선식당 노원점,37.6561602591529,127.066049703246
갈비찜,등촌돼지갈비찜,37.5457167460093,126.861301821114
갈비찜,짚신매운갈비찜 잠실새내점,37.5103307332457,127.081988259655
갈비찜,필녀의 한정식,37.5026996589609,127.138331533475
갈비찜,담산 신촌본점,37.5562194725128,126.935027526438
갈비찜,오성식당,37.5051969938506,127.058127907336
갈비찜,혜화도담,37.5830258357993,127.000436557404
갈비찜,우공뭉티기,37.4873191631489,127.103108072457
갈비찜,구정옥,37.5627515424989,126.978283534325
갈비찜,사남매 전복갈비찜&해신탕,37.528175721234,126.843630611134
갈비찜,진고개,37.5630910150201,126.99282203871
갈비찜,담산 잠실새내점,37.5102619189209,127.079450332771
갈비찜,머거보까매운갈비찜,37.5537105611721,127.010650723963
갈비찜,갈비다움 역삼본점,37.502589421595,127.034962184701
갈비찜,강동반상,37.5498036802654,127.175347693962
갈비찜,한상차림밥상,37.5778669590177,127.025941448638
갈비찜,매우매오 강남역본점,37.5023476232326,127.026931213723
갈비찜,봉산옥 서초동본점,37.4833822130797,127.012453383943
갈비찜,너비집,37.565388515046,126.984107670036
갈비찜,다반,37.546937388063,127.042631969608
갈비찜,대방골,37.5309293878191,126.921083475319
갈비찜,시래마루,37.5060001874742,127.097906114834
갈비찜,식신매운갈비찜,37.5561056666792,126.915132709906
갈비찜,자하문로118 들풀,37.5864261010475,126.970135896601
갈비찜,태능설렁탕 본점,37.6164615283138,127.079320691885
갈비찜,대문한정식,37.6637007124723,127.027547248279
갈비찜,서울신라호텔 라연,37.5575055053737,127.007952910656
갈비찜,덕승재 상암본점,37.577109695587,126.891403860718
갈비찜,한우상회,37.4853545765742,127.119226534642
갈비찜,광화문국밥 도곡점,37.4840929324582,127.044316076729
갈비찜,오내찜 선릉본점,37.5035679181184,127.054272932582
갈비찜,동구식당,37.5437359571182,127.051454476206
갈비찜,동남집(마곡발산점),37.5601356822454,126.837697932979
갈비탕,강남면옥 명동점,37.5641769138849,126.984548675895
갈비탕,송추가마골인어반 강남점,37.4993753300832,127.033803449711
갈비탕,최대감네,37.5740605788743,126.986112777089
갈비탕,우래옥,37.568218524634,126.998714470746
갈비탕,소고기땡기는날 값진식육,37.5190287583739,126.889685662006
갈비탕,남포면옥,37.5671463662203,126.981675952718
갈비탕,성북동면옥집,37.595893623474,126.988630794544
갈비탕,아차산통갈비탕,37.5526141553021,127.093072386551
갈비탕,한국회관,37.4983905097385,126.995611990694
갈비탕,옛맛서울불고기,37.5475077309865,126.919665629833
갈비탕,버드나무집 서초동본점,37.489105917218,127.031204470279
갈비탕,대원갈비,37.4860774134975,126.928946319973
갈비탕,화춘옥 청담점,37.5214834460024,127.037710249005
갈비탕,이조면옥,37.5684602013054,126.842249470641
갈비탕,서래냉면 롯데월드몰점,37.5137129859207,127.104301829165
갈비탕,서촌기와집 경복궁본점,37.5765029422752,126.970233707163
갈비탕,금성관 나주곰탕,37.5614253772141,126.97884383258
갈비탕,형제갈비,37.557838918578,126.937349643274
갈비탕,조선초가한끼 마포점,37.544433068066,126.944966011605
갈비탕,삼원가든,37.524930419988,127.03253030398
갈비탕,대관령 한우마을,37.5255648913174,127.026048899405
갈비탕,풍미연,37.6556680178593,127.064812888402
갈비탕,서울식당,37.5198728349076,126.859266123646
갈비탕,송추가마골 인어반 마포점,37.5439965080669,126.947481225372
갈비탕,성원갈비 명동본점,37.5610682509201,126.980044340355
갈비탕,워낭솔,37.58805268,126.917919544976
갈비탕,함경면옥,37.5785050343727,127.033173073072
갈비탕,회기왕갈비탕,37.592083723881,127.057546617482
갈비탕,비스타 워커힐 서울 명월관,37.5586287308609,127.11170683593
갈비탕,조선갈비,37.5580977734062,126.845529579093
갈비탕,갈비다움 역삼본점,37.502589421595,127.034962184701
갈비탕,더미 여의도점,37.5240806711634,126.924494536092
갈비탕,금성관나주곰탕 구로직영점,37.4826840834852,126.899902506754
갈비탕,이촌동면옥,37.5205863526971,126.967566716547
갈비탕,산삼청각,37.4935061446817,127.124918130747
갈비탕,조선옥,37.5667960482466,126.993638013279
갈비탕,하누에뜰,37.5562220380144,127.009149029038
갈비탕,광양본가,37.4987846719974,127.031703595662
갈비탕,갈비명가이상 길음신관,37.6038846878459,127.025725119816
갈비탕,논밭골 봉천점,37.4804825842774,126.945930883191
갈비탕,양천옥설렁탕,37.5377040353006,126.8639038703
갈비탕,문화옥,37.5681141854509,126.998397193903
갈비탕,김가네설렁탕,37.5652996507752,126.812122399757
갈비탕,이조갈비탕,37.4774584314125,127.038152322332
갈비탕,함흥본가면옥 건대점,37.5451753797741,127.079840875606
갈비탕,화로구이 독산점,37.4663299895583,126.895069862151
갈비탕,별천지설농탕,37.5559287284013,126.921135662547
갈비탕,봉산옥 서초동본점,37.4833822130797,127.012453383943
갈비탕,갈비명가이상 돈암본관,37.6014747915421,127.023654320416
갈비탕,서초면옥 서초본점,37.4910885865973,127.011028772579
갈비탕,우촌,37.5652676822664,126.990805381839
갈비탕,천가옥,37.5397646521033,127.12540825848
갈비탕,미도갈비,37.5687436136485,126.98600804159
갈비탕,명동관,37.4907059879875,127.056142941592
감자전,김창훈주막,37.5426384155402,127.069928145524
감자전,김창훈포차,37.5445850032811,127.069199422667
감자전,삼청동수제비,37.5846096603006,126.981924600907
감자전,난포,37.5470517097135,127.042673790996
감자전,메밀집,37.5101147039049,127.108636541259
감자전,난포 한남,37.5371637401106,126.999502271972
감자전,호족반 청담,37.5254584321276,127.036746588867
감자전,윤공 Korean Bistro,37.4786441406149,126.979583523977
감자전,오이지 대학로,37.581846526049,127.000184764119
감자전,갱생,37.5606914568637,127.040654945066
감자전,김창훈포차,37.5445850032811,127.069199422667
감자전,체부동잔치집,37.5765518168746,126.971493775769
감자전,서교주담 합정,37.549945208271,126.918230797481
감자전,잘빠진메밀 서촌 본점,37.5796676900695,126.970980878651
감자전,추상,37.5138009029084,126.892459584858
감자전,훼미리손칼국수보쌈,37.5495264804791,127.044629777329
감자전,금금 송리단길점,37.5089903710277,127.106225588918
감자전,이태원 주식,37.533186066559,126.990439241797
감자전,선덕칼국수 역삼본점,37.5032421366961,127.037233879111
감자전,성수온실 성수본점,37.5468549662722,127.046860046304
감자전,강남명전,37.5007656805118,127.025097670292
감자전,산들애건강밥상,37.6561351230062,126.949238788923
감자전,서교주담 신촌,37.5543323061814,126.93209722684
감자전,맹진사댁,37.4972744977285,127.121038226256
감자전,청류벽,37.49494258899,127.027426341397
감자전,잘빠진메밀 익선점,37.5740314463316,126.991491324226
감자전,주유별장 D타워점,37.5709958592808,126.978914477333
감자전,오이지 연남,37.5596602534091,126.925649637142
감자전,영원식당,37.526230418785,126.931053635796
감자전,하구,37.5738543194264,126.990428045431
감자전,쑥고개,37.4790745159002,126.95340085286
감자전,리북집,37.5087080835741,127.023588823983
감자전,골방,37.5139946050255,126.893738701859
감자전,삼각지 주식,37.5325680108282,126.972339944908
감자전,전주전집,37.4796678663785,126.980648374025
감자전,산울림1992,37.5546396238222,126.930526684887
감자전,신사전,37.5186341682999,127.022700919849
감자전,정성손칼국수,37.5313629570449,126.971354288232
감자전,피양콩할마니,37.5041098746658,127.055240972615
감자전,동구식당,37.5437359571182,127.051454476206
감자전,양옥주점,37.5679745986878,126.826720979429
감자전,만월당,37.4789763461956,126.955372417861
감자전,어슬 청담,37.5241044115478,127.041103537848
감자전,낯선,37.5095326947664,127.084571020777
감자전,강가네맷돌빈대떡,37.5325221098815,127.005448194526
감자전,우기식당,37.5090322024595,127.023450826915
감자전,들풀한상,37.5555074270899,126.919805526616
감자전,04판,37.5827129181786,127.00089632015
감자전,닭묵,37.5606312206415,126.832720625607
감자전,이제,37.5626191896178,126.925037539455
감자전,7.8 을지로,37.5684700882523,126.999430752104
감자전,금금 성수점,37.5398290032703,127.056657697488
감자전,서울에살기위하여,37.53286131823,127.005836965565
감자전,여의도 숯닭,37.5248769411722,126.905087792624
감자탕,솔샘뼈다귀감자탕,37.6313407443299,127.0218219414
감자탕,보승회관 논현역점,37.5086091733698,127.022086677152
감자탕,소문난성수감자탕,37.5428826481781,127.054408010395
감자탕,신동궁감자탕 역삼직영점,37.497887119026,127.032913354099
감자탕,신동궁 감자탕.뼈숯불구이 선릉직영점,37.5041064509375,127.052878172597
감자탕,일미집,37.5461484932303,126.978268548767
감자탕,청년감자탕 송파 본점,37.5104759345265,127.112940158573
감자탕,주은감자탕,37.5036784041247,127.096792714937
감자탕,광화문뚝감,37.5721010688002,126.972574367642
감자탕,신동궁감자탕 명동직영점,37.5656989785449,126.983961590445
감자탕,영동 감자탕,37.5569698565035,126.917869561498
감자탕,송가네감자탕 본점,37.5618364940379,126.924050688833
감자탕,송파감자국,37.5002861024206,127.10534189857
감자탕,돕감자탕전문점,37.5414795795911,127.069266367393
감자탕,동원집,37.5633404921113,126.991346531232
감자탕,탕탕집 논현본점,37.5106437319633,127.023030125548
감자탕,금바위감자탕,37.4937356416976,127.121801572914
감자탕,행복한 순정감자탕 직영1호점,37.4846614982049,127.120933640924
감자탕,장수감자탕,37.6103697389487,127.029581133227
감자탕,인생감자탕 합정점,37.5495504269391,126.910693686921
감자탕,신촌감자탕해물뼈찜,37.5591190960732,126.83809728245
감자탕,삼식이감자탕뼈해장국,37.4847435199787,127.043428096631
감자탕,청년감자탕 송파 본점,37.5104759345265,127.112940158573
감자탕,인생감자탕 합정점,37.5495504269391,126.910693686921
감자탕,양천뼈다귀본점,37.5253413877993,126.875142725618
감자탕,천하뼈다귀감자탕,37.6709178141373,127.055696156352
감자탕,태조감자국,37.5908139536716,127.017694871938
감자탕,이대조뼈다귀,37.5574756165145,126.922995104998
감자탕,한동길뼈다귀감자탕 신내본점,37.6169671050345,127.091360778797
감자탕,24시 용산원조감자탕,37.5547412641418,126.968797268006
감자탕,서부감자국,37.602260750611,126.926933124828
감자탕,원조감자탕 일미집 영등포직영점,37.5203676455329,126.904356638975
감자탕,청년감자탕 명일역점,37.5504590060233,127.144747978807
감자탕,통큰감자탕 건대본점,37.5454690289517,127.076832424205
감자탕,청년감자탕 강남역점,37.4951475238352,127.03256826852
감자탕,은성감자탕,37.526816841403,126.897382083661
감자탕,하나감자탕,37.4851170321287,126.928206413472
감자탕,대청뼈다귀감자탕,37.4898289290635,127.083724377185
감자탕,조프로감자탕 당곡점,37.491765710992,126.92755505799
감자탕,고황24시뼈다귀해장국감자탕,37.5923405362802,127.05204863222
감자탕,무청감자탕 수유점,,
감자탕,정대감감자탕 본점,37.5640908420588,127.065639525396
감자탕,가나안뼈해장탕,37.5557013897064,127.010827784684
감자탕,뼈찜대감자탕,37.5152302728344,127.110160682265
감자탕,박가뼈다귀감자탕 본점,37.5938111690961,127.074076110438
감자탕,팔팔감자탕,37.5100233704173,127.079528574599
감자탕,파이팅 감자탕,37.5032557117844,127.048271119694
감자탕,원조감자탕 일미집 역삼점,37.4965215456439,127.038595809797
감자탕,김채원24시감자탕,37.4784595159624,126.980606741421
감자탕,신사골감자탕 삼성점,37.510688974866,127.055321036155
감자탕,원조감자탕일미집 마곡나루역점,37.5689315072787,126.826143739069
감자탕,신사골감자탕 신사점,37.5157130529455,127.017808675422
감자탕,본가감자탕,37.5941508614633,127.088203940495
감자탕,이가해장국,37.5036274972267,127.022660298088
곱창구이,형제한우곱창 선유도점,37.5369943069185,126.894653327659
곱창구이,화덕돌곱창 잠실직영점,37.510021781182,127.081594543549
곱창구이,진곱창,37.5138868153175,127.109451314411
곱창구이,다케오 호르몬 데판야끼,37.5656706236898,126.991012694237
곱창구이,청어람 망원점,37.5581064714844,126.907521980502
곱창구이,은하곱창,37.5780403599325,127.056314751482
곱창구이,곱 마포점,37.5410415983081,126.949356635462
곱창구이,우월소곱창 신도림본점,37.5073694628793,126.885387464785
곱창구이,별미곱창,37.5146508811998,127.108360223941
곱창구이,연해장,37.5648358776941,127.021877683863
곱창구이,평양집,37.5348564728986,126.973968347862
곱창구이,화목순대국,,
곱창구이,초반식당,37.5627064258794,126.99088141694
곱창구이,새벽집 양곱창,37.5077209938211,126.884144736768
곱창구이,봉열소곱창,,
곱창구이,문정곱창,37.477245116591,126.890330588284
곱창구이,망원동맛집 초월양곱창,37.553044745122,126.906475304587
곱창구이,달랭이,37.5735516071257,126.990702935596
곱창구이,또올래곱창 송파본점,37.5107907536121,127.107821123063
곱창구이,전주익산,37.4832898616637,126.928776084349
곱창구이,도도곱창 건대본점,37.5393857281086,127.06929724367
곱창구이,건대 숯불부자곱창,37.542387068238,127.070932714667
곱창구이,박진주할머니김치곱창전골 서울대입구본점,37.4785358692204,126.957147678773
곱창구이,맛집곱창구이,37.4779865992416,126.983746667049
곱창구이,대성식당,37.5696681150158,126.994710290414
곱창구이,곰바위 본점,37.5148920028536,127.058814098409
곱창구이,곱창파는고깃집 공덕본점,37.55099812968,126.953625787034
곱창구이,우월소곱창 마포직영점,37.5423140022795,126.948966526798
곱창구이,전농곱창싱,37.5761512208429,127.058222525553
곱창구이,중앙실비,37.5167560126387,127.040841265738
곱창구이,오목교곱창 목동본점,37.5257155026408,126.87196251651
곱창구이,제일곱창 본점,37.5648218822196,127.03597450819
곱창구이,강남 곱,37.4943642838521,127.031552686124
곱창구이,곱 문래본점,37.5174631210953,126.896493699106
곱창구이,서촌뜰애우곱창타운,37.5765635584984,126.971612863275
곱창구이,오드리곱창,37.4779842550125,126.979146062044
곱창구이,아리양,37.5099827173615,127.04160872269
곱창구이,황곱,37.5567262620558,126.926393171305
곱창구이,대팔이네곱창 천호본점,37.5398267594193,127.125466295133
곱창구이,당산옛날곱창,37.5353741059467,126.902277256782
곱창구이,박진주할머니김치곱창전골 서울대입구본점,37.4785358692204,126.957147678773
곱창구이,전라도시네마,37.4832898616637,126.928776084349
곱창구이,청어람 2호점,37.5581820957383,126.907101885498
곱창구이,대승곱창,37.5616391536464,126.924578320532
곱창구이,도화곱창,37.5413372543439,126.949445372971
곱창구이,맛집곱창구이,37.4779865992416,126.983746667049
곱창구이,신림황소곱창,37.4848908059925,126.927057418795
곱창구이,미자네,37.4832898616637,126.928776084349
곱창구이,한양양곱창 본점,,
곱창구이,푸지미곱창,37.5361921826906,127.126763513364
곱창구이,삼촌네,37.4832898616637,126.928776084349
곱창구이,더막창스,37.5009946247186,127.025104306207
곱창구이,로타리곱창타운 연신내본점,37.618967607597,126.917627542972
곱창구이,고바우소곱창 노원본점,37.6530654591862,127.058210452271
김밥,케이트분식당,37.5178866228576,127.101917258808
김밥,아현김밥,37.5562426131286,126.954670420402
김밥,수아당,37.5930702585042,127.018022415284
김밥,보슬보슬 역삼본점,37.4976095062071,127.033280422536
김밥,도산분식 도산공원점,37.5235326034931,127.037404258783
김밥,아이러브신당동,37.5631892399075,127.014760804389
김밥,한입소반,37.5441005921649,126.97031380966
김밥,원조누드치즈김밥,37.5701125140082,126.999707163125
김밥,정식당,37.5256582878579,127.041081085945
김밥,모녀김밥,37.5702826169787,127.001120978032
김밥,장원김밥 서초점,37.5006193877919,127.025375937177
김밥,이공김밥 안암본점,37.5823978359913,127.028464639242
김밥,보슬보슬 압구정본점,37.5280853233349,127.031024642567
김밥,마포원조떡볶이,37.5403361441386,126.948796338712
김밥,오월의김밥,37.4760911961869,126.964603827591
김밥,현선이네 용산본점,37.5311508644746,126.96921812343
김밥,나누미떡볶이 성대본점,37.5837075999665,126.99791999332
김밥,금금 성수점,37.5398290032703,127.056657697488
김밥,명화당 명동1호점,37.5623744637762,126.983825690256
김밥,서호김밥,37.4916768903162,126.986695691024
김밥,교남김밥,37.5688537151032,126.965114852628
김밥,고른햇살,37.5870051810057,127.029458323825
김밥,서울하이볼,37.569366086862,126.985071467757
김밥,합정동 편한커피 도서관 라면,37.5479839925735,126.914523601273
김밥,유미분김밥 방배 직영점,37.4903601390981,126.992670246742
김밥,방배김밥 본점,37.488124974545,126.978403528246
김밥,유미분김밥 소정담 본점,37.5292052714037,126.900393371055
김밥,그동네떡볶이 홍대본점,37.5541310544794,126.927600206478
김밥,키친봄날,37.5589495258612,126.934433344877
김밥,동대문매운김밥,37.565835136565,127.015908950449
김밥,만냥하우스,37.5612894009044,126.93233334963
김밥,올바른김밥,37.5620946587536,126.926807347739
김밥,진순자계란말이김밥 봉천본점,37.4812391310185,126.947461075369
김밥,송이네,37.5566399011188,126.905903351508
김밥,루비떡볶이,37.5246295912402,127.037633322561
김밥,통통김밥 남대문시장점,37.5591664975063,126.976969095546
김밥,제일분식,37.6125852455048,127.028957382492
김밥,오프트,37.5464795029389,127.046675700296
김밥,김밥처럼 선유도역 본점,37.5389354910509,126.894529754291
김밥,5412,37.5372567125541,127.001672974712
김밥,금금 송리단길점,37.5089903710277,127.106225588918
김밥,서울김밥,37.5149546864741,127.110031216245
김밥,진미떡볶이,37.5621622383475,127.018876633448
김밥,영미김밥,37.5586573877793,126.94249132259
김밥,옛날할머니분식,37.5967779073182,127.076130885916
김밥,청담동 마녀김밥 광화문점,37.5704522392762,126.976279426381
김밥,연희김밥 본점,37.5680267589839,126.929375877582
김밥,옥이네김밥,37.6196909418421,126.922171955937
김밥,쪼매매운떡볶이 공릉,37.6282707117848,127.077780007937
김밥,종로분식,37.5699489387666,126.980705861634
김밥,신촌수제비,37.5556140768266,126.936155261034
김밥,다반,37.546937388063,127.042631969608
김밥,이레김밥 봉천1호점,37.4750842816468,126.96418510542
김밥,그동네떡볶이 연남점,37.561720227063,126.924131053478
김치전,익선애뜻,37.5733643719441,126.990596324033
김치전,목멱산방,37.5581161015051,126.986887946092
김치전,대홍집 잠실새내본점,37.5099761918389,127.08093758217
김치전,04판,37.5827129181786,127.00089632015
김치전,오향절면 양재본점,37.4858253305803,127.035716677085
김치전,주마등,37.5653486365681,126.991400516159
김치전,산골,37.4841859042134,126.954466715324
김치전,짱꼬집,37.5106736200341,127.084970666264
김치전,이태원 주식,37.533186066559,126.990439241797
김치전,일점사수제돼지갈비 교대역본점,37.4913384868369,127.013171270919
김치전,옛날 칼국수,37.6550688080345,127.059980216361
김치전,리정원 연희점,37.5657821197859,126.928645664118
김치전,조그삼,37.5427072186788,127.069679497126
김치전,삼각지 주식,37.5325680108282,126.972339944908
김치전,더기와 합정점,37.549569655302,126.916915897447
김치전,리정원 신촌점,37.5591556137153,126.939378744853
김치전,개나리아구찜 본점,37.5126667621757,127.109066094335
김치전,영동족발 본점,37.4845842002925,127.037999348618
김치전,위풍당당족발,37.5452842944977,127.056449654682
김치전,장수만세 면목본점,37.5924741699797,127.086302878565
김치전,다반,37.546937388063,127.042631969608
김치전,상수주택,37.5486519173627,126.921962064578
김치전,위풍당당족발 신당점,37.5650829518773,127.018020650943
김치전,막걸리전당,37.482562858333,126.951378697167
김치전,연남주막1987,37.5593293044974,126.923932245201
김치전,심술집,37.5424559249173,127.070447237392
김치전,영동족발 양재3호점,37.4842191864557,127.038325697852
김치전,마지,37.5776100466268,126.970805300872
김치전,주막,37.6127653759564,127.032008454525
김치전,주052,37.563404956031,127.037767815269
김치전,몽주막,37.548833129266,126.919841534344
김치전,한상가득왕솥뚜껑,37.5765661997138,126.897119251722
김치전,장군집 본점,37.4812788803214,126.945115249873
김치전,눅,37.538719359581,126.96656248232
김치전,강동반상,37.5498036802654,127.175347693962
김치전,소보키 강남점,37.5016033846107,127.027357416481
김치전,전주전집,37.4796678663785,126.980648374025
김치전,조선시대,37.5526016251589,126.921421864772
김치전,백곰막걸리,,
김치전,후문포차,37.5073845806985,127.025823165393
김치전,정주일가,37.553044745122,126.906475304587
김치전,한사발포차,37.5158126828943,127.041040623155
김치전,찰리주막 신촌점,37.5583374540738,126.936197642652
김치전,무진장포차,37.5137980249084,127.109787348807
김치전,흥부전놀부전,37.6394445447913,127.022891943466
김치전,육백집,37.5060995475667,127.003407328203
김치전,압구전,37.5255913428421,127.038405227112
김치전,족보애,37.6116601920272,127.032777572243
김치전,금성관 나주곰탕,37.5614253772141,126.97884383258
김치전,한사발,37.5830332229382,127.000654496525
김치찌개,옥찬,37.574169506909,126.998612034134
김치찌개,황태와쭈꾸미,37.5612085742601,127.005247686806
김치찌개,은주정,37.5686824540468,126.999757313391
김치찌개,굴다리식당,37.5421160247986,126.950811737715
김치찌개,한옥집김치찜 본점,37.5672716927969,126.964330722367
김치찌개,김삼보 여의도점,37.5298309198,126.919265654284
김치찌개,북촌김치재,37.5778350343218,126.986191887225
김치찌개,김촌 서울대입구 직영점,37.479131782432,126.952851693838
김치찌개,광화문집,37.571373869928,126.974982570478
김치찌개,김북순큰남비집 신사본점,37.5207186841862,127.019955768192
김치찌개,뚝배기집,37.5695562212513,126.988510058479
김치찌개,한국관,37.5634400950822,126.977382831046
김치찌개,조선호랑이 김치찌개&냉면 까치산점,37.5323197074745,126.843845521154
김치찌개,전주식당,37.6185353708275,127.07736255034
김치찌개,찌개의정석 마포성산본점,37.5644515105993,126.911816146929
김치찌개,김삼보김치찌개 신촌점,37.5588353689462,126.939671117926
김치찌개,화본담 방이직영점,37.5154937300715,127.113299840522
김치찌개,저-집,37.5555152236498,126.857176601126
김치찌개,고기반햄반김치찌개&김치찜 화곡점,37.5404428620206,126.837117508846
김치찌개,푼양이김치찌개 가락본점,37.4963859795829,127.121687252004
김치찌개,온미,37.5552233141176,127.075594139455
김치찌개,장꼬방묵은김치찌개전문,37.4868928106781,127.023662920981
김치찌개,인생식당,37.5588715323451,126.946071334253
김치찌개,사람사는 고깃집 김일도 논현점,37.509096946868,127.036982983157
김치찌개,청담골,37.5227679418531,127.043405669306
김치찌개,고냉지,37.5585039932418,126.942214946709
김치찌개,24시서울밥집,37.4831942527483,126.927570796996
김치찌개,고기반햄반김치찌개&김치찜 수유본점,37.6353119214924,127.024171468495
김치찌개,장독대김치찜김치찌개 용산점,37.5297718014452,126.964741503485
김치찌개,한대접,37.4824018798016,126.940427850813
김치찌개,임현숙의이화김치찌개,37.6012157744552,127.074377089585
김치찌개,김삼보한국관 종로점,37.5708444878121,126.979923668151
김치찌개,청년밥상문간,37.6088609651749,127.009098506123
김치찌개,장독대김치찌개,37.5208724804701,126.931298156696
김치찌개,송림식당,37.5367857595378,127.076517343663
김치찌개,신대감김치찌개,37.6004006141895,127.099177047034
김치찌개,한국관 을지로직영점,37.5660201420261,126.990158299018
김치찌개,옛날집,37.4853783011571,126.932444839994
김치찌개,굴다리식당,37.5415400527035,126.950684367131
김치찌개,한옥집김치찜 롯데몰김포공항점,37.562313207852,126.801278424065
김치찌개,감나무집기사식당,37.5618980731722,126.921903882667
김치찌개,딤치김치찌개 영등포점,37.5225648183699,126.892801084078
김치찌개,고기반햄반김치찌개&김치찜 상봉본점,37.5926046718541,127.09358335077
김치찌개,돈암동찌개 성신본점,37.5924400358491,127.018468160495
김치찌개,이화김치찌개,37.5759530879083,127.002921805188
김치찌개,충북식당,37.5475634041181,126.835651854052
김치찌개,왕삼겹정육식당,37.5485071591027,127.048126014979
김치찌개,탕탕,37.5615896264821,126.918127413756
김치찌개,사당역 힘찬정육식당,37.4755925756593,126.980498725427
김치찌개,구로돈가,37.4846765685379,126.892512650634
김치찌개,벽돌포차 홍대점,37.5500635919548,126.922632001883
김치찌개,장독대김치찌개 선릉점,37.5033351942461,127.051440761262
김치찌개,압구정찌개마을 공릉본점,37.6255751939682,127.072459402895
김치찌개,서천집,37.479966429878,126.88263620024
닭갈비,춘천중앙로숯불닭갈비,37.624918541058,127.072920488967
닭갈비,할매닭갈비곱창,37.5909338218083,127.017451915023
닭갈비,류몽민 학동역점,37.5143957753291,127.028815905333
닭갈비,신도림 이도식당,37.5096619486431,126.887986372819
닭갈비,박재성의 메밀숯불닭갈비,37.4815193451441,126.929469476671
닭갈비,고수닭갈비,37.4997391253308,127.028073382745
닭갈비,바이춘천 송리단길점,37.5071989079576,127.107812224531
닭갈비,오근내2닭갈비,37.52508770878,126.96280255373
닭갈비,장군닭갈비 신촌점,37.558454627276,126.936445515498
닭갈비,신미경홍대닭갈비,37.5520984275925,126.921843831702
닭갈비,느루집,37.5174631210953,126.896493699106
닭갈비,오근내 닭갈비,37.5245232093786,126.959715608501
닭갈비,깡통닭갈비,37.4847688927791,126.927779693923
닭갈비,닭으로가 압구정본점,37.5269843828037,127.038403113006
닭갈비,강촌숯불닭갈비 본점,37.5044324804593,126.891714600611
닭갈비,계탄언니,37.4755280988508,126.981275188365
닭갈비,신미경정통춘천닭갈비,37.4847051309165,126.996277509537
닭갈비,파전닭갈비,37.4997913374922,126.910708424825
닭갈비,계진상 건대점,37.5414823406699,127.066979110846
닭갈비,오늘도닭갈비 본점,37.6680495547322,127.034754821262
닭갈비,춘천골 숯불 닭갈비,37.4850065001339,126.926628443209
닭갈비,항아리닭갈비막국수 송파문정점,37.4796683841344,127.124913859704
닭갈비,명륜진사갈비 서울마천점,37.4990048300841,127.153632086153
닭갈비,집밥뚝딱 쌍문점,37.6541309880395,127.013125178929
닭갈비,나라구한닭 정통닭갈비,37.55927244697,126.838822654561
닭갈비,본토닭갈비 강남점,37.500088523645,127.026162522931
닭갈비,산골닭갈비,37.5381848102594,127.093222472755
닭갈비,전통춘천닭갈비,37.5730710436785,127.072452537602
닭갈비,춘천가는길 숯불닭갈비 까치산본점,37.5303265228475,126.846879778868
닭갈비,다함닭갈비 먹골직영점,37.6136313827671,127.078318153395
닭갈비,몽촌 닭갈비,37.5115660184287,127.108170494767
닭갈비,여의도 숯닭,37.5248769411722,126.905087792624
닭갈비,춘천집 명가,37.5407085638025,127.069929398224
닭갈비,우리닭갈비,37.5559642852871,126.925383049587
닭갈비,토닭토닭,37.5109164436053,127.107722449185
닭갈비,조선닭갈비파전,37.5705061651087,127.057411042604
닭갈비,약수참숯불닭갈비,37.555106019128,127.009691103686
닭갈비,오근내5닭갈비 안녕인사동점,37.5744668688197,126.983552182559
닭갈비,암사골 숯불닭갈비,37.6193014358931,127.077841683528
닭갈비,온초심숯불닭갈비,37.5814934785126,127.088766503957
닭갈비,신가네해물닭갈비,,
닭갈비,지동닭갈비 본점,37.6408115822376,127.032585411056
닭갈비,항아리닭갈비막국수 구로점,37.4849270383011,126.896538036905
닭갈비,닭갈비도시,37.5903959972497,127.059877891806
닭갈비,춘천골닭갈비,,
닭갈비,오근내7닭갈비,37.5463937599992,127.065889477465
닭갈비,춘천집닭갈비 방화점,37.5725011774135,126.807682870586
닭갈비,나라구한닭 정통닭갈비 왕십리점,37.5617178199927,127.033978960395
닭갈비,수제비먹는닭갈비,37.5619927359244,127.033902912919
닭갈비,장인닭갈비 강남점,37.499602303374,127.027516707375
닭갈비,문래숯불닭갈비,37.5139457900322,126.894564704747
닭갈비,계공감,37.5120709910295,126.945574888829
닭갈비,닭갈비두목 역삼점,37.4962453086012,127.037723111855
닭갈비,춘천집 닭갈비막국수,37.5570512259571,126.936096541612
닭볶음탕,호삼촌,37.5189819116591,126.907650487331
닭볶음탕,자바라,37.4692082757243,126.935730072943
닭볶음탕,떡도리탕 강남본점,37.5004988522186,127.028079434784
닭볶음탕,유림 닭도리탕,37.5478258698188,126.871722147865
닭볶음탕,계림,37.5701701402045,126.994503106903
닭볶음탕,호수집,37.5590454261506,126.968485816049
닭볶음탕,백부장집 닭한마리,37.571820433208,126.982689062851
닭볶음탕,몽주막,37.548833129266,126.919841534344
닭볶음탕,배터리88 홍대점,37.5513629257601,126.922776304926
닭볶음탕,토속촌 삼계탕,37.57760304027,126.971632166657
닭볶음탕,종로계림닭도리탕 충무로직영점,,
닭볶음탕,서교주담 합정,37.549945208271,126.918230797481
닭볶음탕,소문난집,37.5158910703504,127.042316926707
닭볶음탕,진옥화할매원조닭한마리,37.5703737556489,127.005697491267
닭볶음탕,닭한마리감자탕,37.5171506735807,127.020699344217
닭볶음탕,강남77,37.5006193877919,127.025375937177
닭볶음탕,큰손닭한마리,37.5105526274134,127.084324922867
닭볶음탕,매운집,37.5104826397728,126.889481191271
닭볶음탕,윤정포차,37.5198485916422,126.853699672782
닭볶음탕,최사장네닭,37.5603356081643,126.923762130152
닭볶음탕,매운집 합정점,37.549569655302,126.916915897447
닭볶음탕,우면동소나무집,37.458387906993,127.011592606967
닭볶음탕,로비,37.4751649611377,126.965528352972
닭볶음탕,본대가 발산점,37.5589430708389,126.837790496795
닭볶음탕,종로계림닭도리탕 충정로점,37.5608152031838,126.963901560545
닭볶음탕,오죽이네,37.5737804677873,126.990804674931
닭볶음탕,메밀향그집,37.5823719837814,127.000662642151
닭볶음탕,역삼농원,37.4948991943308,127.039410295564
닭볶음탕,매운집,37.568851450649,126.827338682565
닭볶음탕,은좌식당,37.5629232848453,127.033270519154
닭볶음탕,이층집 닭도리탕,37.5088563188623,127.023488435184
닭볶음탕,77년생 곱도리 전골식당,37.5428330694818,127.068789542788
닭볶음탕,순자포차 논현본점,37.507261451658,127.024370459235
닭볶음탕,가산동닭한마리,37.4780332597461,126.891338804572
닭볶음탕,목동포차,37.5257518256595,126.874747110282
닭볶음탕,둥지닭볶음탕 홍대점,37.5554995735371,126.926424255654
닭볶음탕,찰랑,37.5145207408928,126.89478977953
닭볶음탕,쩡곱도리탕 본점,37.4786535032389,126.980606465175
닭볶음탕,다원닭한마리 빈대떡,37.5653853714391,126.991053702705
닭볶음탕,이수가,37.4893030651318,126.981744284608
닭볶음탕,봉황당,37.5094557987556,127.079838668729
닭볶음탕,골목끝자락닭볶음탕,37.4830588312195,126.954463102864
닭볶음탕,한방대가삼계탕 강남본점,37.4953339126427,127.032016958797
닭볶음탕,원조닭한마리,37.4744556093032,127.049625822949
닭볶음탕,한양닭도리탕,37.5707730193931,127.071923155258
닭볶음탕,을지로골목집 신용산점,37.53044722123,126.970427944984
닭볶음탕,콤마,37.5097149890215,127.084541593133
닭볶음탕,도리도리하찌 닭도리탕,37.4783921913908,126.956744147173
닭볶음탕,장인석닭한마리,37.5527430741389,127.089833190771
닭볶음탕,고향닭도리탕,37.5330186660661,126.84622021653
닭볶음탕,고갯마루,37.4993986379075,127.03941842768
닭볶음탕,연남주막,37.5598562142859,126.834854214935
닭볶음탕,한옥정,37.5725856773053,127.056255742304
닭볶음탕,화통본가,37.5700521010732,126.991349829833
도토리묵,순남시래기 서여의도점,37.5298309198,126.919265654284
도토리묵,체부동잔치집,37.5765518168746,126.971493775769
도토리묵,오죽이네,37.5737804677873,126.990804674931
도토리묵,백년옥,37.4811966694583,127.013775159774
도토리묵,목멱산방,37.5581161015051,126.986887946092
도토리묵,최대감네,37.5740605788743,126.986112777089
도토리묵,청계산곤드레집,37.4454050395526,127.057850856469
도토리묵,한소반 청계산점,37.4437193720836,127.058682517335
도토리묵,산들애건강밥상,37.6561351230062,126.949238788923
도토리묵,소담채,37.4432696116318,127.055456236061
도토리묵,도토리 소반,37.5818105714383,127.00109839499
도토리묵,미림산장,37.6738439274883,127.004462478393
도토리묵,완산정,37.4816750883364,126.953604445395
도토리묵,수라간,37.5619762648442,126.924654153
도토리묵,응순가재골수제비,37.6744319862369,127.060646110249
도토리묵,다야,37.5477245786633,127.102166426329
도토리묵,북한산 인수재,37.6463531568451,127.004945238331
도토리묵,노량진할머니왕파전,37.511438813514,126.944535556457
도토리묵,산도토리임자탕,37.6396320305382,127.040130624594
도토리묵,온돈네 마곡직영점,37.5597527538278,126.830889417254
도토리묵,서촌가락,37.5798790619477,126.969197847201
도토리묵,청솔집,37.6424731551958,126.945993620185
도토리묵,옛가칼국수,37.5921262805741,127.075127808426
도토리묵,전사랑 서초본점,37.4860763816586,127.031152555425
도토리묵,선운산장,37.6583113479675,127.00251273762
도토리묵,단군산장,37.642612358508,127.001963470377
도토리묵,토담골 논현점,37.5087060706724,127.036759525491
도토리묵,청계산장수촌,,
도토리묵,아차산김가네맛집,37.5548758531375,127.095314089956
도토리묵,목멱산방 남산타워점,37.5553562497346,126.985302533327
도토리묵,도읍지,37.5930706847977,127.053094369606
도토리묵,춘식당,37.5201457431682,127.025948374737
도토리묵,신사전,37.5186341682999,127.022700919849
도토리묵,명륜동식당,37.5826378625249,127.001219546667
도토리묵,곽경찬의 시골밥상,37.5361335360386,126.999484515185
도토리묵,백만원식당,37.5886056841837,127.018460985767
도토리묵,수 보리밥,37.5091915264878,127.105565349903
도토리묵,뽀까슈,37.5893150353276,127.01727218925
도토리묵,서울 닭한마리,37.5859075127726,127.08819319395
도토리묵,광장동가온,37.5515973987517,127.110984517421
도토리묵,장끼전,37.5624501685178,126.925759709072
도토리묵,동숭숯불갈비,37.5816774083248,127.000567989884
도토리묵,남도술상별관,37.4785067233821,126.981129392759
도토리묵,부뚜막청국장,37.4991932569276,126.887412708933
도토리묵,심마니,37.5425364395128,127.070203014057
도토리묵,앵콜칼국수,37.4812990663328,127.013407841986
도토리묵,우리콩순두부,37.6625347588161,127.009925037194
도토리묵,기와집순두부 서초점,37.4951037354172,127.014457677174
도토리묵,이백,37.5106285955281,127.125666237948
도토리묵,토방골,37.5047889937052,126.892191354155
도토리묵,이백,37.5012617655455,127.041954918916
된장찌개,무진장숯불화로구이,37.5487080469379,127.172054120016
된장찌개,풍년숯불갈비,37.5630499816454,126.925362514212
된장찌개,도마,37.5738374646859,126.985877812866
된장찌개,최대감네,37.5740605788743,126.986112777089
된장찌개,금성회관 합정본점,37.5483378489878,126.918392565234
된장찌개,뚝배기집,37.5695562212513,126.988510058479
된장찌개,또순이네,37.5588046568145,126.824241089722
된장찌개,한옥정,37.5725856773053,127.056255742304
된장찌개,천우목장,37.5329038036307,126.971914530336
된장찌개,이속우화,37.5349423314645,127.010231124633
된장찌개,옥된장 마곡점,37.5605537644679,126.833890184435
된장찌개,담,37.4802401962069,127.014215239186
된장찌개,중앙풍천장어,37.5660882355979,127.02103286447
된장찌개,충북식당,37.5475634041181,126.835651854052
된장찌개,전주식당,37.6185353708275,127.07736255034
된장찌개,문숙이미나리식당,37.5521064426225,126.921160400094
된장찌개,도마 중림동점,37.5582942473361,126.967100385147
된장찌개,가람떡갈비,37.5261243880643,126.963626070923
된장찌개,하양옥,37.5590996762805,126.827995667592
된장찌개,풍년집,37.4937504863685,127.035773937656
된장찌개,도산뚝배기,37.5215513588997,127.038617070217
된장찌개,제순식당 성신여대점,37.5918257346199,127.018499259739
된장찌개,박대감황금돈가,37.5271226115805,127.125505426258
된장찌개,검은도마 100번된장찌개,37.5784518308273,126.892899428472
된장찌개,시골집,37.476864337445,126.95846809511
된장찌개,꿀밥상,37.584474140318,126.981855457913
된장찌개,이속우화천공,37.5253452973989,127.028099944398
된장찌개,한옥그레이스,37.5660389177943,126.965126918304
된장찌개,숙대 황제 소갈비살,37.5440581079411,126.971964095596
된장찌개,송림식당,37.5367857595378,127.076517343663
된장찌개,녹원쌈밥 연희점,37.5724812434425,126.934145957025
된장찌개,양반댁,37.5724228675599,126.986345478823
된장찌개,인사동 촌,37.574990463768,126.985112909359
된장찌개,월촌도야지,37.5281783139269,126.875771989415
된장찌개,서울로인 서울점,37.555503632236,126.973751343837
된장찌개,노랑저고리,37.4983082485546,127.025227802646
된장찌개,금은돈,37.5241921296678,126.964919927515
된장찌개,너도나도식당 선유도본점,37.5382334285342,126.893922350178
된장찌개,신성식당,37.5626208574388,126.978064108081
된장찌개,김수환식당,37.5281935511579,127.123099543134
된장찌개,왕십리연탄집,37.5649690329275,127.035915268567
된장찌개,일품진진수라 강남점,37.4920207116979,127.009620980568
된장찌개,솜씨 이촌,37.5207835462361,126.975231708688
된장찌개,부암닭구이,37.5670178573341,126.981503594517
된장찌개,한우물,37.5335939144397,126.991142243729
된장찌개,락희옥 마포본점,37.5443215685226,126.949290483351
된장찌개,청수장,37.6053195728958,127.010786502218
된장찌개,청계산곤드레집,37.4454050395526,127.057850856469
된장찌개,함지박,37.4981916915481,126.952602909175
된장찌개,압구정진주,37.5279203642126,127.037497633767
된장찌개,구로돈가,37.4846765685379,126.892512650634
된장찌개,청실홍실,37.4995386480963,126.998876348435
된장찌개,서경도락 마포역점,37.5384150593184,126.947626122117
된장찌개,옥된장 역삼점,37.4989811402062,127.036816730065
떡볶이,피자는치즈빨&떡볶이는튀김빨 강남점,37.5112425674198,127.033143621098
떡볶이,길음동네떡볶이,37.6071188252872,127.023847389584
떡볶이,애플하우스,37.4862850569156,126.980662610028
떡볶이,아이러브신당동,37.5631892399075,127.014760804389
떡볶이,신토불이 떡볶이 본점,37.5525478089539,127.090448142743
떡볶이,도산분식 도산공원점,37.5235326034931,127.037404258783
떡볶이,수아당,37.5930702585042,127.018022415284
떡볶이,마복림할머니집,37.5632099202031,127.015097873696
떡볶이,원조 곱창떡볶이 화떡 명동본점,37.5630141680175,126.983801669966
떡볶이,튀김아저씨,37.4996157705058,127.065915414443
떡볶이,그동네떡볶이 연남점,37.561720227063,126.924131053478
떡볶이,홍대씨부엉,37.5525831557199,126.922376917358
떡볶이,보슬보슬 역삼본점,37.4976095062071,127.033280422536
떡볶이,풍년쌀농산,37.5809697021622,126.981699396612
떡볶이,진미떡볶이,37.5621622383475,127.018876633448
떡볶이,사발떡볶이,37.6103074365452,126.994100019198
떡볶이,모녀김밥,37.5702826169787,127.001120978032
떡볶이,명화당 명동1호점,37.5623744637762,126.983825690256
떡볶이,순금이떡볶이 아차산 본점,37.552493574782,127.09020487733
떡볶이,보슬보슬 압구정본점,37.5280853233349,127.031024642567
떡볶이,황순애신토불이떡볶이,37.5528041397236,127.090452187109
떡볶이,불떡클럽 연남본점,37.5597238988937,126.924992904688
떡볶이,승도리네 곱도리탕 서초교대점,37.4934680144084,127.015430187136
떡볶이,킹덤분식 홍대점,37.5557534793508,126.921669461673
떡볶이,쪼매매운떡볶이 공릉,37.6282707117848,127.077780007937
떡볶이,빌라 드 스파이시 파미에스테이션점,37.5044921229104,127.007845270854
떡볶이,루비떡볶이,37.5246295912402,127.037633322561
떡볶이,종점,37.5625853714362,127.014924802273
떡볶이,송이네,37.5566399011188,126.905903351508
떡볶이,정원분식,37.4841450044742,126.979722794028
떡볶이,뽀빠이분식,37.5198173607856,127.099297662181
떡볶이,현선이네 프리미엄 IFC몰점,37.5251775245928,126.924876706923
떡볶이,마미떡 송파점,37.5104947114349,127.108479649288
떡볶이,악어떡볶이,37.5606485083606,127.041091574869
떡볶이,현선이네 청계즉석점,37.567177380924,126.983017825635
떡볶이,호랑이분식 성수본점,37.5455539351627,127.05459372098
떡볶이,종로분식,37.5699489387666,126.980705861634
떡볶이,화곡미담분식 까치산점,37.5295223731895,126.846874747795
떡볶이,홍대삭 상수본점,37.547980816861,126.921363344877
떡볶이,맛짱떡볶이,37.5082508317041,127.024435588359
떡볶이,유미분김밥 방배 직영점,37.4903601390981,126.992670246742
떡볶이,신세계떡볶이,37.564350237055,126.985026628058
떡볶이,빨간오뎅 부산어묵,37.4887469377421,127.06811631999
떡볶이,모퉁이네,,
떡볶이,화곡미담분식 강서구청점,37.5537477928734,126.852098383618
떡볶이,유자유김치떡볶이 대학로점,37.5829051928655,126.999587671292
떡볶이,와우신내떡,37.5118104872992,126.945134750779
떡볶이,불난집,37.6022664422336,127.021561930697
떡볶이,삭 수제튀김 전문점 이화본점,37.5580651406732,126.945095421637
떡볶이,맛쟁이떡볶이 본점,37.5070970089198,127.091927935138
떡볶이,떡산,37.6195590926439,126.922392857469
떡볶이,은사즉석떡볶이 중계본점,37.6511587125973,127.077337907538
떡볶이,바바라스키친,37.5349726865538,127.00055892351
떡볶이,도레미분식 즉석떡볶이,37.6513643442921,127.013877695142
막국수,족발야시장 은평뉴타운점,,
막국수,밀각 대치직영점,37.498126662993,127.054252144435
막국수,잘빠진메밀 서촌 본점,37.5796676900695,126.970980878651
막국수,메밀집,37.5101147039049,127.108636541259
막국수,성천 막국수,37.5698941948354,127.057809585953
막국수,만포막국수,37.5557964004471,127.010318629116
막국수,잘빠진메밀 익선점,37.5740314463316,126.991491324226
막국수,청류벽,37.49494258899,127.027426341397
막국수,꿈꾸는메밀,37.5297718014452,126.964741503485
막국수,오이지 대학로,37.581846526049,127.000184764119
막국수,처가집,37.5530795174808,127.008202206014
막국수,뱅뱅막국수,37.4896537373705,127.032839070004
막국수,호족반 청담,37.5254584321276,127.036746588867
막국수,계류관,37.5660857686301,127.020197186069
막국수,박재성의 메밀숯불닭갈비,37.4815193451441,126.929469476671
막국수,남경막국수,37.5097918378467,127.085427739362
막국수,바이춘천 송리단길점,37.5071989079576,127.107812224531
막국수,샘밭막국수,37.4954109950647,127.016402306519
막국수,봉평옹심이메밀칼국수,37.5459544226874,126.955242785247
막국수,성천막국수 논현점,37.5104317043076,127.020712079242
막국수,고성막국수,37.5774423477276,126.816128838129
막국수,녹원쌈밥 연희점,37.5724812434425,126.934145957025
막국수,당산오돌 본점,37.5275625288744,126.899817341967
막국수,팔화당,37.4877387829749,127.120685887596
막국수,뽕나무쟁이 선릉본점,37.5031995277517,127.052001164203
막국수,봉평메밀막국수,37.5107020036631,127.086211355223
막국수,시민막국수 숯불닭갈비 서울목동점,37.5195581383516,126.871790690404
막국수,평안도족발집,37.5602620387297,127.00604939208
막국수,뚱뚱이할머니집,37.5604125130083,127.005895251903
막국수,양양메밀막국수,37.492513372807,126.988276943125
막국수,화진포막국수 강동구청점,37.5284392781969,127.124537634413
막국수,김촌 서울대입구 직영점,37.479131782432,126.952851693838
막국수,화곡영양족발,37.5432592790771,126.843502478979
막국수,수향가 사당직영점,37.4767282746333,126.98460898046
막국수,옹기종기감자옹심이,37.493162739828,126.844464206243
막국수,밀각 가락본점,37.4948868947464,127.120093192726
막국수,연남족발1987,37.5598042564147,126.923988918215
막국수,박명도봉평메밀막국수,37.5359079201913,126.963074834878
막국수,성수족발,37.5459871942742,127.054270741555
막국수,봉평막국수,37.5767995862612,126.969669711673
막국수,깡통닭갈비,37.4847688927791,126.927779693923
막국수,암사골 숯불닭갈비 성신여대점,37.590179578666,127.018197671323
막국수,원할머니국수보쌈 제2롯데월드몰직영점,37.5137129859207,127.104301829165
막국수,밀각 대치직영점,37.498126662993,127.054252144435
막국수,유진막국수,37.5284400928234,126.992381993934
막국수,회기왕족발보쌈,37.5908543341504,127.053494637496
막국수,영동족발 본점,37.4845842002925,127.037999348618
막국수,진남포면옥,37.5534438199837,127.010147757062
막국수,오근내 닭갈비,37.5245232093786,126.959715608501
막국수,춘천옥,37.4779104495254,126.88968293413
막국수,영동족발 양재3호점,37.4842191864557,127.038325697852
막국수,허브족발,37.5342555704657,126.90256383234
막국수,느루집,37.5174631210953,126.896493699106
막국수,팔당족발,37.5167635081981,127.037812844426
물냉면,을밀대 평양냉면,37.5474926724344,126.945531718956
물냉면,우래옥,37.568218524634,126.998714470746
물냉면,해주냉면 본점,37.5096527123279,127.079773391153
물냉면,진미평양냉면,37.5161452524981,127.036042298778
물냉면,필동면옥,37.5603931606505,126.997004329544
물냉면,정인면옥 본점,37.5306561597093,126.921557576182
물냉면,서북면옥,37.5453748311268,127.085295421877
물냉면,수락이오냉면 노원본점,37.6739162617427,127.052583116043
물냉면,서래냉면 롯데월드몰점,37.5137129859207,127.104301829165
물냉면,진영면옥,37.4715699238483,126.90039992595
물냉면,동아냉면 이태원점,37.5337100703679,127.003259577905
물냉면,오장동함흥냉면,37.5642721691252,126.999883983625
물냉면,부원면옥,37.5584379838206,126.977606850771
물냉면,서관면옥 교대본점,37.4939907944744,127.017269436895
물냉면,유진식당,37.5720460142943,126.988333199571
물냉면,이조면옥,37.5684602013054,126.842249470641
물냉면,소사면옥,37.5540536261941,127.078105698658
물냉면,만포면옥 본점,37.6141425195587,126.917460367247
물냉면,설눈,37.4912328587334,127.009768331142
물냉면,남포면옥,37.5671463662203,126.981675952718
물냉면,함흥본가면옥 건대점,37.5451753797741,127.079840875606
물냉면,송월냉면,37.541482536882,127.129462775691
물냉면,함흥냉면,37.5189887922679,126.906774943721
물냉면,아소정,37.546604494117,126.946376651787
물냉면,서관면옥 은평한옥마을점,37.6399961909855,126.936956674796
물냉면,오복함흥냉면,37.5434851950227,126.972875210065
물냉면,동아냉면,37.5309522809763,126.99656484138
물냉면,혜화 골목냉면,37.5860880388065,127.000890586411
물냉면,오감면옥 IFC몰점,37.5251775245928,126.924876706923
물냉면,평양냉면,37.5816598669564,127.045119465234
물냉면,함흥에겨울냉면,37.5601980166294,127.005238108764
물냉면,함흥면옥 압구정점,37.5222271811671,127.028546629528
물냉면,옥돌현옥,37.5015343677051,127.124072910932
물냉면,이오냉면,37.6577136574632,127.061695075987
물냉면,태천면옥,37.5471245269241,127.10267053054
물냉면,서초면옥 서초본점,37.4910885865973,127.011028772579
물냉면,천수냉면 본점,37.5065993935184,126.909484496594
물냉면,일호면옥,37.5202405439146,126.926406742546
물냉면,명동함흥면옥 본점,37.5627701513326,126.985685790889
물냉면,청송본관함흥냉면전문점,37.5658935655082,126.928782516674
물냉면,강서면옥 압구정점,37.5255759667342,127.035121559748
물냉면,영동냉면,37.5060995475667,127.003407328203
물냉면,이설함흥냉면 수유본점,37.6473356578127,127.009661942031
물냉면,피양옥 여의도점,37.5214946207638,126.930677790628
물냉면,유정우함흥냉면,37.4885892359644,126.980306064124
물냉면,전통평양냉면 제형면옥 하계점,37.6357653151575,127.07012307002
물냉면,동아냉면 숙대2호점,37.5444890028132,126.969566028752
물냉면,평택고여사집냉면,37.5656774341986,126.929261397915
물냉면,평안도 상원냉면,37.5561130617043,126.923446601456
물냉면,할머니냉면,37.5822715535487,127.043676583037
물회,WOW.물회와황태탕,37.508535532966,127.08294755403
물회,통영해물가,37.4831435177584,126.88249713678
물회,먹자대게,37.5280169945095,126.870615708032
물회,부촌육회 본점,37.5703823624626,126.999922687164
물회,완도산회포장마차 송파직영점,37.5071345100566,127.108376841868
물회,목포명가 삼성점,37.5098720924876,127.057278045951
물회,목포명가 세곡점,37.4663620255565,127.100730901084
물회,횟집울릉도,37.603535822241,126.924766611441
물회,포항물회,37.6207410210947,126.918015242848
물회,고래불,37.4962758238801,127.033957316936
물회,조개사냥 논현점,37.5081862098436,127.024961265238
물회,완도산회 특급포차 가락본점,37.4966552528775,127.118713226999
물회,여의도 초장집,37.5207908297398,126.926911965929
물회,대다,37.513121548952,126.892363738002
물회,영일만,37.4780981056614,126.979974170047
물회,목포명가 용산점,37.5309200240305,126.969902127138
물회,오징어야,37.5115282158397,126.94496936875
물회,영덕회식당,37.5687660094097,126.97956155404
물회,노량해전 노량진횟집,37.5115693412681,126.944668473774
물회,목포명가 율현본점,37.4737791164507,127.108593084934
물회,자매수산 강남본점,37.502909683558,127.023035666344
물회,관식당,37.5605908610691,126.963921475479
물회,탐나종합어시장 이수역점,37.4892376993356,126.982053443172
물회,오늘회,37.666048628884,127.036343496822
물회,속초오징어어시장 서울대입구역점,37.4802051925095,126.953401394385
물회,부부횟집,37.5104765188185,127.110704971144
물회,건대사시미,37.5413859356175,127.070232599521
물회,백일도,37.5634961979787,127.080602128039
물회,호미곶막회물회,37.5461944939177,126.95214128315
물회,미소네,37.4793277524839,126.980207646801
물회,금성회관 합정본점,37.5483378489878,126.918392565234
물회,가로수 그곳,37.5179477021889,127.021697932358
물회,배진수어시장,37.559915259194,126.8343608462
물회,건대포항막회,37.5421491984204,127.069884916683
물회,수동상회,37.4945376921828,127.108713599026
물회,형제상회,37.5148236866215,126.937975950622
물회,광영수산 구로점,37.5033050086862,126.890396754834
물회,어부이야기,37.4770810310034,126.984694377753
물회,해물과차돌박이 / 해차,37.5605729719154,126.837593310628
물회,Gongi,,
물회,몽주막,37.548833129266,126.919841534344
물회,할매재첩국 대치점,37.4996674277764,127.060821135085
물회,알배기,37.549252359982,126.917739856947
물회,제주바당,37.5693416060448,126.986804818146
물회,영덕물회막회,37.5579476187314,126.969044128501
물회,김다찌,37.4780293409878,126.977855622596
물회,우리집,37.5031043234215,127.038787839408
물회,바다당,37.4776672183692,126.983944131922
물회,도산정육블랙 본점,37.5255995843403,127.038826747185
물회,우리바다수산,37.5577779535259,126.908894089878
물회,보물섬 두번째이야기,37.5173922520879,127.021098483702
물회,연어왕국 왕십리본점,37.5613348419307,127.033220578514
물회,서울물회,37.505826112283,127.060036251919
물회,청해진,37.5148236866215,126.937975950622
미역국,고기여행,37.5778492855479,127.038530541692
미역국,밀숲 문정점,37.4860552797801,127.12100938212
미역국,쵸리상경,37.5470517097135,127.042673790996
미역국,연희보리밥,37.5680066583233,126.930576867248
미역국,장인미역 잠실본점,37.50655092608,127.089442244052
미역국,순옥이네명가 더현대 서울점,37.5251913154781,126.929112756574
미역국,굴과찜사랑,37.5603529338675,127.032905160456
미역국,풍조미역 성수본점,37.5448753345854,127.056817899837
미역국,별미볶음점,37.5207908297398,126.926911965929
미역국,고우성수,37.5439322362005,127.050734034092
미역국,청담25,37.5251639033122,127.049761547072
미역국,동묘집,37.5717027464513,127.014783086474
미역국,효미역 수서점 직영점,37.486001138893,127.098820400652
미역국,효미역 도곡본점,37.4841859213298,127.045488849838
미역국,섬집,37.5245145198466,126.965263794581
미역국,고삼이 신촌점,37.5583197950081,126.934715143218
미역국,만학,37.5469843008262,127.043697968749
미역국,오일제,37.5325403467892,126.974737930578
미역국,효미역 올림픽공원직영점,37.5150465008757,127.118324515977
미역국,다반,37.546937388063,127.042631969608
미역국,백만원식당,37.5886056841837,127.018460985767
미역국,찜집_본점,37.578458499532,127.085941753913
미역국,맛깔참죽 완도미역 서울신길점,37.5121497972731,126.916251827294
미역국,도산뚝배기,37.5215513588997,127.038617070217
미역국,빠르크 한남본점,37.5374871099028,126.999730938313
미역국,서청미역 서초점,37.4898397627834,127.008013575788
미역국,제주오전복 스타필드 코엑스점,37.5118239121138,127.059159043842
미역국,왕가,37.6634288774486,127.012024045928
미역국,마지,37.5776100466268,126.970805300872
미역국,정선부뚜막,37.5475239707245,127.043039345121
미역국,청담제주물항 청담본점,37.5257434434536,127.05243289494
미역국,서청미역 여의도점,37.5238640247561,126.924142368161
미역국,고향집,37.5169351319254,127.037014564178
미역국,무월식탁,37.5026253158477,127.027312099542
미역국,무월식탁 타임스퀘어점,37.5172332566615,126.903715993779
미역국,이백,37.5106285955281,127.125666237948
미역국,한라의집,37.5713050220391,126.97535455999
미역국,효미역 서래마을점,,
미역국,육회관포차 여의도점,37.5208724804701,126.931298156696
미역국,서청미역 현대백화점 천호점,37.5389750482546,127.124440988259
미역국,순옥이네명가 현대백화점 무역센터점,37.5086151302204,127.059765116537
미역국,레알 간장게장 무한리필 본점,37.6368480826814,127.030126161232
미역국,하트파트 롯데월드몰점,37.5137129859207,127.104301829165
미역국,제나키친,37.6034129687094,127.041678711062
미역국,수묵당,37.4944247834549,127.038685534981
미역국,공일부엌,37.5560659151376,126.968138607192
미역국,고미정,37.5727032919594,126.937032800217
미역국,서울로인 서울점,37.555503632236,126.973751343837
미역국,여수낭만식당,37.5820926424763,126.888984720113
미역국,정원쌈밥보리밥,37.4719592987956,126.935012240902
미역국,청담옥,37.4930330246112,127.04377258546
미역국,시원,37.5493584670846,127.048676766377
미역국,한양대육회집,37.5608831676059,127.040716959555
배추김치,배추도사 김치찜,37.5860481125745,126.918643860973
배추김치,배추도사무우도사,37.4902761495919,127.126167204453
배추김치,강남김치,37.4918503001644,127.027176779785
배추김치,복동이네김치전문점,37.5788540530237,127.085794244725
배추김치,고향맛깔김치 나물,37.5484817493435,126.866159640554
배추김치,안동학가산김치 서울직판장,37.5045853756561,126.863921148452
배추김치,야야찐만두,37.561356521601,127.010572245134
배추김치,박선자김치간장게장,37.614182961778,127.022359792836
배추김치,아삭하루김치,37.4824975620565,127.040420106236
배추김치,광장할매김치,37.5470881575296,127.133378435575
배추김치,엄만줄김치,37.5062634637578,126.876348360484
배추김치,고랭지식품,37.5031365415682,127.103486406723
배추김치,옹달샘김치,37.5402362200577,126.826829207287
배추김치,더그린푸드,37.4945376921828,127.108713599026
배추김치,오누,37.5041838701881,127.082158645481
배추김치,영신상회,37.6362359880739,127.030342195737
배추김치,할머니보쌈,37.5984335887839,127.05615912799
배추김치,행당족발 용산점,37.5379386735674,126.967973433167
배추김치,수랏상찬방,37.5180898375503,127.030461706317
배추김치,만나반찬,37.4850197413776,126.917086931434
배추김치,김재윤반찬,37.5109176662295,127.0228813621
배추김치,늘맛찬,37.5419194923733,127.097416494314
배추김치,반찬을부탁해,37.6256596381466,127.024263157705
배추김치,은교반찬 용문시장점,37.536933800971,126.960035357618
배추김치,부뚜막,37.5581314347659,127.078941469168
배추김치,고봉한우소머리국밥,37.5411023112264,127.141933007608
배추김치,엄마반찬,37.5493568947722,127.048116376537
배추김치,수라 반찬 장안점,37.5675264679054,127.071021744961
배추김치,시장농수산물,37.5503704001578,126.975979792004
배추김치,종가집할매족발보쌈,37.6488357345433,127.02730254917
배추김치,우리들분식,37.5460042644927,127.087639323446
배추김치,소담반찬,37.6239828069085,126.919636303579
배추김치,건강야채,37.5368830979509,126.959312046838
배추김치,국사모,37.6399802609255,127.036525786067
배추김치,이숙자찬방,37.5542547022233,126.960855770535
불고기,십원집 봉천점,37.4794443049888,126.956268355307
불고기,마더락 건대점,37.5455957401276,127.087654800533
불고기,서울불고기,33.2523262667809,126.571743579317
불고기,옛맛서울불고기,37.5475077309865,126.919665629833
불고기,옛맛서울불고기,37.5383859758047,127.076871999131
불고기,옛맛서울불고기 명동점,37.5609973269071,126.98343947228
불고기,서울불고기,36.1133050076638,127.09757898612
불고기,서울불고기,36.771693273935,127.065459116739
불고기,착한서울불고기,37.539710977228,126.836333164847
불고기,서울불고기,37.4936391321321,126.986157308185
불고기,서울불고기,37.6088609651749,127.009098506123
불고기,서울불고기,37.4705082644186,126.903110235119
불고기,서울불고기,35.9654456195105,128.937543276818
불고기,참숯옛맛서울불고기,37.5128183940181,126.948431025676
불고기,옛날서울불고기,37.6779083593146,126.755161382342
불고기,옛날불고기,37.5494493007863,127.128266262401
불고기,대학가서울불고기,37.1579666458341,127.061387953106
불고기,옛날서울불고기,37.2368235214713,127.204846226687
불고기,옛맛서울불고기,38.1273177583264,128.21551440484
불고기,도니부대찌개,37.5263197292677,126.917717417376
불고기,화담,37.5105567979224,127.080013458382
불고기,가우리 본점,35.1094274796042,128.965688431801
불고기,한상도,37.5012561205416,126.948967568323
불고기,방배불백앤쭈꾸미,37.4956798808994,126.985887341399
불고기,서울불고기식당,35.520495025486,127.728893438622
불고기,양푼이생고기김치찌개 충무로본점,37.5624433429129,126.993778844698
불고기,도선상회,37.5644585416417,127.035872012436
불고기,돼지국밥 순대국,37.4987064254264,126.898531196757
불고기,샤브샤브온,37.6027360022071,127.143796142875
비빔냉면,우래옥,37.568218524634,126.998714470746
비빔냉면,진미평양냉면,37.5161452524981,127.036042298778
비빔냉면,을밀대 평양냉면,37.5474926724344,126.945531718956
비빔냉면,해주냉면 본점,37.5096527123279,127.079773391153
비빔냉면,필동면옥,37.5603931606505,126.997004329544
비빔냉면,진영면옥,37.4715699238483,126.90039992595
비빔냉면,남포면옥,37.5671463662203,126.981675952718
비빔냉면,서북면옥,37.5453748311268,127.085295421877
비빔냉면,서관면옥 교대본점,37.4939907944744,127.017269436895
비빔냉면,오장동함흥냉면,37.5642721691252,126.999883983625
비빔냉면,서래냉면 롯데월드몰점,37.5137129859207,127.104301829165
비빔냉면,정인면옥 본점,37.5306561597093,126.921557576182
비빔냉면,동아냉면 이태원점,37.5337100703679,127.003259577905
비빔냉면,아소정,37.546604494117,126.946376651787
비빔냉면,소사면옥,37.5540536261941,127.078105698658
비빔냉면,부원면옥,37.5584379838206,126.977606850771
비빔냉면,이조면옥,37.5684602013054,126.842249470641
비빔냉면,함흥면옥 압구정점,37.5222271811671,127.028546629528
비빔냉면,서관면옥 은평한옥마을점,37.6399961909855,126.936956674796
비빔냉면,설눈,37.4912328587334,127.009768331142
비빔냉면,함흥냉면,37.5189887922679,126.906774943721
비빔냉면,오복함흥냉면,37.5434851950227,126.972875210065
비빔냉면,전통평양냉면 제형면옥 하계점,37.6357653151575,127.07012307002
비빔냉면,함흥본가면옥 건대점,37.5451753797741,127.079840875606
비빔냉면,태천면옥,37.5471245269241,127.10267053054
비빔냉면,함흥에겨울냉면,37.5601980166294,127.005238108764
비빔냉면,일호면옥,37.5202405439146,126.926406742546
비빔냉면,길동골목냉면,37.5376720631711,127.141526985786
비빔냉면,오감면옥 IFC몰점,37.5251775245928,126.924876706923
비빔냉면,평양면옥,37.4964429698163,126.842175026185
비빔냉면,동아냉면,37.5309522809763,126.99656484138
비빔냉면,송월냉면,37.541482536882,127.129462775691
비빔냉면,서초면옥 서초본점,37.4910885865973,127.011028772579
비빔냉면,명동함흥면옥 본점,37.5627701513326,126.985685790889
비빔냉면,혜화 골목냉면,37.5860880388065,127.000890586411
비빔냉면,청송본관함흥냉면전문점,37.5658935655082,126.928782516674
비빔냉면,피양옥 여의도점,37.5214946207638,126.930677790628
비빔냉면,이설함흥냉면 수유본점,37.6473356578127,127.009661942031
비빔냉면,유정우함흥냉면,37.4885892359644,126.980306064124
비빔냉면,부원냉면,37.5484099045291,127.020243225883
비빔냉면,서초면옥 본점,37.4939432016526,126.993114529075
비빔냉면,할머니냉면,37.5822715535487,127.043676583037
비빔냉면,평양냉면,37.5816598669564,127.045119465234
비빔냉면,오장동함흥냉면 파미에스테이션점,37.5044921229104,127.007845270854
비빔냉면,영동냉면,37.5060995475667,127.003407328203
비빔냉면,수락이오냉면 노원본점,37.6739162617427,127.052583116043
비빔냉면,을밀대 롯데백화점잠실점,37.5113096112036,127.098141751177
비빔냉면,서평면옥,37.4921758625358,126.924271334879
비빔냉면,평택고여사집냉면,37.5656774341986,126.929261397915
비빔냉면,대치동 함흥면옥,37.4972717864085,127.056936288684
비빔밥,한상도,37.5012561205416,126.948967568323
비빔밥,그린데이즈 용산점,37.5446402975891,126.968598587922
비빔밥,능동미나리,,
비빔밥,개나리아구찜 본점,37.5126667621757,127.109066094335
비빔밥,더식당 명동본점,37.5622652128073,126.985521318439
비빔밥,목멱산방,37.5581161015051,126.986887946092
비빔밥,도산뚝배기,37.5215513588997,127.038617070217
비빔밥,어머니대성집,37.5774742408426,127.028564198078
비빔밥,익선애뜻,37.5733643719441,126.990596324033
비빔밥,역전회관 마포본점,37.542937806474,126.947016676997
비빔밥,꽃밥에피다,37.5752757553219,126.984015119593
비빔밥,섬집,37.5245145198466,126.965263794581
비빔밥,진주육회,37.5704978639194,127.001207236708
비빔밥,금금 송리단길점,37.5089903710277,127.106225588918
비빔밥,무월식탁,37.5026253158477,127.027312099542
비빔밥,봉산옥 서초동본점,37.4833822130797,127.012453383943
비빔밥,담,37.4802401962069,127.014215239186
비빔밥,백제정육점,37.5726598289616,127.004040878995
비빔밥,안동집 손칼국시,37.5790377655561,127.039142935818
비빔밥,수라간,37.5619762648442,126.924654153
비빔밥,목멱산방 남산타워점,37.5553562497346,126.985302533327
비빔밥,성수온실 성수본점,37.5468549662722,127.046860046304
비빔밥,황태와쭈꾸미,37.5612085742601,127.005247686806
비빔밥,뉴서울분식,37.5031390927328,127.089319650995
비빔밥,무월식탁 파미에스테이션점,37.5044921229104,127.007845270854
비빔밥,가성비,37.4878273617104,126.913061206175
비빔밥,오이지 대학로,37.581846526049,127.000184764119
비빔밥,능동미나리 성수직영점,37.5427607712923,127.053953494697
비빔밥,연희보리밥,37.5680066583233,126.930576867248
비빔밥,금금 성수점,37.5398290032703,127.056657697488
비빔밥,정식당,37.5256582878579,127.041081085945
비빔밥,사발,37.5735877659071,126.9724255294
비빔밥,더뭉티기 역삼,37.495294979342,127.045736565773
비빔밥,단골손님 대학로점,37.5825261157485,127.002656121573
비빔밥,한암동 여의도점,37.5238640247561,126.924142368161
비빔밥,뚝배기집,37.5695562212513,126.988510058479
비빔밥,혜장국,37.5034603568189,127.022680491549
비빔밥,청수정,37.5835711414005,126.981703401668
비빔밥,무월식탁 파르나스점,37.5091916919873,127.06080691987
비빔밥,지강한식당 잠실점,37.5138710747422,127.106364392884
비빔밥,진주육회 4호점,37.5699757268247,126.998029608751
비빔밥,한티옥,37.4969569438366,127.056248492743
비빔밥,금성회관 합정본점,37.5483378489878,126.918392565234
비빔밥,무월식탁 타임스퀘어점,37.5172332566615,126.903715993779
비빔밥,하모,37.5233547626996,127.032799309505
비빔밥,단골손님 건대점,37.5417218818615,127.070596021298
비빔밥,솜씨 이촌,37.5207835462361,126.975231708688
비빔밥,다반,37.546937388063,127.042631969608
비빔밥,달청,37.5283926142377,127.123241738292
비빔밥,전주비빔밥,37.5586298943445,126.973266976427
비빔밥,놀부주방 반포점,37.5064357442307,127.006834366246
비빔밥,토담골 논현점,37.5087060706724,127.036759525491
비빔밥,강동AGU,37.550182446633,127.13747091463
비빔밥,참숯골,37.5673418896892,126.979527419796
삼겹살,문래동냉삼 본점,37.5166004557302,126.889386428795
삼겹살,으뜸명가 가산본점,37.4804093572171,126.879053991982
삼겹살,금돼지식당,37.5570916390478,127.011666505681
삼겹살,탐라도야지,37.489595083163,127.013561182941
삼겹살,육지,37.5497070128057,126.917494582158
삼겹살,뼈탄집,37.5764202233299,126.971667142925
삼겹살,방이별관 잠실방이점,,
삼겹살,최원석의돼지한판&서해쭈꾸미 건대1호점,37.5418445323492,127.065714273679
삼겹살,육몽 홍대본점,,
삼겹살,남영돈,37.5427493719708,126.973775844291
삼겹살,옥탑방,37.6097793703695,126.919253268804
삼겹살,몽탄,37.5359958464128,126.972245448266
삼겹살,간장삼겹살 동방생고기 건대점,37.5421491984204,127.069884916683
삼겹살,봉우이층집,37.5017915051523,127.027398311446
삼겹살,촌놈,37.5829358025106,127.002422234025
삼겹살,꽃피는고기,37.5485159782191,126.921045700369
삼겹살,부뚜막,37.4847136870226,126.92752794785
삼겹살,꿀삼겹,37.5932866855059,127.088371181212
삼겹살,고도식,37.5103537190732,127.108659621805
삼겹살,짚불구이 본가 방이점,37.513772121875,127.108469914672
삼겹살,봉우화로,37.5017915051523,127.027398311446
삼겹살,최대감네,37.5740605788743,126.986112777089
삼겹살,상계동갈비 노원점,37.6628655004967,127.066127612397
삼겹살,구파발맛극장,37.6342576294538,126.918550997661
삼겹살,평양고깃집,37.5727599914497,126.985356392794
삼겹살,화씨이육공 사당점,37.4771425218453,126.983662171533
삼겹살,마부자생삼겹살,37.5673140391214,126.827554917518
삼겹살,다몽집 신논현본점,37.5018423748736,127.027168865561
삼겹살,남부,37.4839440321864,127.012917836855
삼겹살,풀뜯는돼지,37.5608155702969,126.924747112012
삼겹살,복돈이 부추삼겹살,37.4751687521468,126.981124579443
삼겹살,청돈옥 홍대본점,37.551960252738,126.919619205143
삼겹살,산청숯불가든 을지로,37.5658338527593,126.990609042403
삼겹살,양탄집,37.5767271718351,126.971959549775
삼겹살,일미락 목동본점,37.5254169018151,126.872955497947
삼겹살,나리의 집,37.5369083075217,127.000040053449
삼겹살,영동그집,37.5074671381371,127.02443318399
삼겹살,압구정제주집,37.5215199676606,127.031109141031
삼겹살,금고깃집 마곡본점,37.5606177863587,126.833159684952
삼겹살,일월껍데기,37.5132026695739,127.109660359644
삼겹살,서울반달집 별관,37.483488131595,126.900635789222
삼겹살,봉고기,37.506883854568,126.884036662859
삼겹살,삼겹살 전문점 대통령,37.5674424357795,127.007658650377
삼겹살,다독이네 숯불구이 홍대합정점,37.5494262243681,126.917312357764
삼겹살,고기굽는놈,37.5413286478003,127.06944421585
삼겹살,여의도 스마일삼겹,37.520236283731,126.927238179699
삼겹살,숙성부심,37.5542593083439,127.077582721311
삼겹살,일월고기,37.5129822433185,127.108925393189
삼겹살,공복식당,37.5590839798468,126.938326013296
삼겹살,삼겹살 전문점 대통령,37.5838492234222,127.002706096987
삼겹살,초반식당,37.5627064258794,126.99088141694
삼겹살,화기애애 본점,37.5417668601098,127.06965474677
삼겹살,상암일미락,37.576337051107,126.897193036978
삼겹살,김통,37.5938034790018,127.018645251677
삼계탕,백세삼계탕 강동점,37.5312845250171,127.137086403605
삼계탕,백제삼계탕,37.5633716339938,126.984100967805
삼계탕,토속촌 삼계탕,37.57760304027,126.971632166657
삼계탕,원조호수삼계탕,37.502647972871,126.904373139824
삼계탕,3대삼계장인,37.491302882416,127.011591359711
삼계탕,유림 닭도리탕,37.5478258698188,126.871722147865
삼계탕,고려삼계탕,37.562998746872,126.972911826174
삼계탕,능이버섯백숙,37.5167571845721,126.888857838001
삼계탕,발산삼계탕,37.5562703004056,126.837816209225
삼계탕,진전복삼계탕 본점,37.5158144675278,127.039774545019
삼계탕,진전복삼계탕 논현직영점,37.5163677702844,127.033702862503
삼계탕,용산삼계탕,37.5312872220554,126.971516442289
삼계탕,경복궁삼계탕 마곡점,37.5588248070734,126.831007635455
삼계탕,영양센터 본점,37.5611114383997,126.983123103544
삼계탕,마곡삼계탕,,
삼계탕,한방대가삼계탕 강남본점,37.4953339126427,127.032016958797
삼계탕,청담영양센터,37.5195282476159,127.052002765471
삼계탕,마포오리농장,37.5500793711751,126.915422795699
삼계탕,토속한방삼계탕,37.533401331345,127.139246386119
삼계탕,돈화문닭한마리 본점,37.5716318667707,126.990827352272
삼계탕,기와집 능이백숙삼계탕 해천탕 강남직영점,37.5179044983754,127.039854496609
삼계탕,장안삼계탕,37.5637086164213,126.977510649881
삼계탕,문정능이오리백숙,37.4841762108035,127.130424610744
삼계탕,본가갈비탕 망우본점,37.5993570616173,127.099528290541
삼계탕,진전복삼계탕 대치직영점,37.5004468659061,127.060513370102
삼계탕,지리산삼계탕,37.4811405195858,126.930310668665
삼계탕,포도원삼계탕,37.4821884771875,126.93014846789
삼계탕,상황버섯 약수 삼계탕,37.5033779550554,127.036538866471
삼계탕,큰손닭한마리,37.5105526274134,127.084324922867
삼계탕,평강삼계탕 장충점,37.5613804586425,127.005799123187
삼계탕,파낙스,37.5197432861193,126.929217003405
삼계탕,한방삼계탕,37.4936842818278,127.030220203473
삼계탕,명동닭한마리 본점,37.5703513118327,127.005881659297
삼계탕,마당너른집,37.580668653448,127.004705523818
삼계탕,백제삼계탕,37.5633716339938,126.984100967805
삼계탕,백년토종삼계탕,37.5538260940611,126.920231832244
삼계탕,능이마을,37.61698513145,127.028593917337
삼계탕,가랑삼계탕,37.5273834294204,126.864447323512
삼계탕,고려삼계탕 광화문점,37.5714865418799,126.976081455304
삼계탕,정동진 삼계탕,37.5110305766853,126.944361448704
삼계탕,머슴과마님 은평점,37.6042771353191,126.922368306974
삼계탕,본가닭한마리,37.5635316414641,126.992028452284
삼계탕,일품대가삼계탕,37.5365373646391,127.082393375415
삼계탕,가랑삼계탕,37.5605537644679,126.833890184435
삼계탕,황칠나라 풍년옥,37.4801442199632,126.951891972452
삼계탕,백세삼계탕 강동점,37.5312845250171,127.137086403605
삼계탕,참오리전문점,37.4859086653004,126.981536047174
삼계탕,고전한방삼계탕 노원점,37.6556822973147,127.065386326844
삼계탕,용삼계탕,37.5109176662295,127.0228813621
삼계탕,원조닭한마리,37.4744556093032,127.049625822949
삼계탕,마삼계탕 역삼별관,37.4979241922115,127.044356591703
삼계탕,기와집 능이백숙삼계탕 본점,37.5568732150225,127.076442245622
삼계탕,이가갈비,37.5600604827223,127.040933252194
삼계탕,지리산삼계탕,37.4740359568855,126.894751027608
설렁탕,열정국밥,37.5245858480558,126.896838850849
설렁탕,금성관 나주곰탕,37.5614253772141,126.97884383258
설렁탕,이문설렁탕,37.5727614233366,126.983898042671
설렁탕,영동설렁탕,37.5161529888478,127.017366051804
설렁탕,마포양지설렁탕,37.5420365203339,126.950509218628
설렁탕,별천지설농탕,37.5559287284013,126.921135662547
설렁탕,대한옥,37.5193555187882,126.910884093078
설렁탕,미성옥,37.5641637662639,126.983925699881
설렁탕,중림장설렁탕,37.5602762481224,126.967707972892
설렁탕,풍미연,37.6556680178593,127.064812888402
설렁탕,본가설렁탕,37.5063084315756,127.099938003292
설렁탕,신가원 설렁탕,37.5665232290797,126.979960709215
설렁탕,한양설농탕,37.5401770719671,126.948277992988
설렁탕,명인설렁탕 노량진점,37.5124842425616,126.937828470355
설렁탕,외고집설렁탕,37.5110163357276,127.053900663553
설렁탕,태능설렁탕 본점,37.6164615283138,127.079320691885
설렁탕,일품백송칼국수,37.5603090692348,127.035048444214
설렁탕,이가네가마솥설렁탕,37.6075120898331,126.92465592312
설렁탕,별내옥설농탕,37.5619967253209,127.006097974773
설렁탕,독립문설렁탕,37.557838918578,126.937349643274
설렁탕,마포옥,37.5398742377381,126.943351207119
설렁탕,무수옥,37.6771604492704,127.044157353738
설렁탕,한촌설렁탕 건대입구역점,37.5405050771385,127.070150304742
설렁탕,나주향 나주곰탕,37.5760844387339,126.925550444548
설렁탕,푸주옥설렁탕도가니탕,37.5102197477477,126.842960152886
설렁탕,참설농탕 서초점,37.4888268576718,127.030231928367
설렁탕,원조신촌설렁탕,37.5482869552281,126.95627603557
설렁탕,우작설렁탕,37.4861980516193,127.016121351333
설렁탕,장털보설렁탕 본점,37.5073975553747,127.133185185186
설렁탕,종로설렁탕,37.5700030600204,126.989878182382
설렁탕,양천옥설렁탕,37.5377040353006,126.8639038703
설렁탕,모래내설농탕본점,37.5772392710167,126.928214058079
설렁탕,정지춘 설렁탕,37.6134159147046,127.064047818119
설렁탕,문화옥,37.5681141854509,126.998397193903
설렁탕,흥진옥,37.5713987489389,126.980273412814
설렁탕,하영호신촌설렁탕 본점,37.4838805398651,127.045096214996
설렁탕,봉희설렁탕 본점,37.5931409230026,126.913846721415
설렁탕,진미옥설렁탕 본점,37.5011524862879,127.109236397083
설렁탕,장수설렁탕해장국,37.5054870414361,127.083121066144
설렁탕,참설농탕 송파본점,37.5090415676057,127.111770093776
설렁탕,등나무집,37.4881669573785,126.907954153417
설렁탕,본가설렁탕,37.5206301397046,127.036162554013
설렁탕,우리설렁탕,37.4744274292376,126.936491751097
설렁탕,진주집,37.5600090440077,126.977093560851
설렁탕,진국설렁탕,37.5982297115463,127.094748594622
설렁탕,푸주옥설렁탕,37.5238567994993,127.129795332364
설렁탕,이모네설렁탕,37.5706879326323,127.003348010393
설렁탕,서울깍두기,37.5207908297398,126.926911965929
설렁탕,송강설렁탕 함흥냉면,37.5461286984622,127.143954507091
설렁탕,강남설렁탕,37.5104309589729,127.022801926675
설렁탕,잼배옥,37.562497526871,126.973728517165
설렁탕,종로면옥,37.5052878981505,127.057775113361
설렁탕,동우설렁탕 본점,37.5883895659037,127.029055907998
설렁탕,장수옥설렁탕,37.6764424264676,127.04424443971
순대,두루올순대,37.6013680588223,126.921205947636
순대,삼오순대국 연신내역점,37.6198758787055,126.921302748638
순대,농민백암순대 본점,37.5037329376349,127.052982069884
순대,애플하우스,37.4862850569156,126.980662610028
순대,화목순대국,,
순대,정남옥 서울대입구점,37.4784570897706,126.952584285368
순대,함경도찹쌀순대,37.4947357321517,127.121302132414
순대,농민백암순대,37.4949182390409,127.031492194164
순대,산수갑산,37.5654116565534,126.995323167195
순대,전주익산,37.4832898616637,126.928776084349
순대,봉산옥 서초동본점,37.4833822130797,127.012453383943
순대,농민백암순대 시청직영점,37.5625981617414,126.977163395088
순대,화목순대국전문 광화문1호점,37.5711948777558,126.974726578327
순대,또순이원조순대 본점,37.4832898616637,126.928776084349
순대,기절초풍왕순대,37.4781102362878,126.958419469605
순대,이경문순대곱창,37.5730833706346,126.990838041453
순대,서일순대국,37.4974611469747,126.92093867558
순대,산골,37.4841859042134,126.954466715324
순대,현선이네 용산본점,37.5311508644746,126.96921812343
순대,마포원조떡볶이,37.5403361441386,126.948796338712
순대,풍년쌀농산,37.5809697021622,126.981699396612
순대,미소의집,37.502007409189,126.987786107024
순대,백순대본가새맛 까치산본점,37.5303651480517,126.847206208517
순대,호돌이 즉석떡볶이 서초점,37.4870962366921,127.008681301267
순대,아이러브신당동,37.5631892399075,127.014760804389
순대,나누미떡볶이 성대본점,37.5837075999665,126.99791999332
순대,전라도시네마,37.4832898616637,126.928776084349
순대,도산분식 도산공원점,37.5235326034931,127.037404258783
순대,오복순대국,37.515717798064,126.891583825937
순대,골목떡볶이,37.4890561526937,127.123469604083
순대,삼촌네,37.4832898616637,126.928776084349
순대,코야코,37.5813130594373,127.004305471398
순대,우정,37.5627897181736,127.01491907063
순대,고향집,37.5802904072345,127.044030908067
순대,시골순대,37.5540898033344,126.918890584706
순대,미자네,37.4832898616637,126.928776084349
순대,튀김아저씨,37.4996157705058,127.065915414443
순대,강가네 떡볶이,37.5706244592255,127.000409657482
순대,홍대조폭떡볶이 홍대2호점,37.5558621607666,126.923766574558
순대,두루올순대,37.6013680588223,126.921205947636
순대,광화문국밥,37.5689547897755,126.975422571498
순대,호반,37.5733029793554,126.98914057495
순대,아찌떡볶이,37.5432291210149,127.069145665578
순대,백암왕순대,37.5099578634077,127.125350343453
순대,순대일번지,37.5586712614622,126.907464580208
순대,고른햇살,37.5870051810057,127.029458323825
순대,제일분식,37.6125852455048,127.028957382492
순대,전곱,37.5726737403515,126.989314540628
순대,푸지미곱창,37.5361921826906,127.126763513364
순대,화곡미담분식 까치산점,37.5295223731895,126.846874747795
순대,청담동 순도리,37.5240537775184,127.048900826572
순대,진미떡볶이,37.5621622383475,127.018876633448
순대,철길떡볶이,37.5623022971557,126.963604754433
순대,먹거리집,37.594576216919,127.085389481171
순두부찌개,중랑등갈비 상봉본점,37.5925990085216,127.074594972362
순두부찌개,황태와쭈꾸미,37.5612085742601,127.005247686806
순두부찌개,고도식,37.5103537190732,127.108659621805
순두부찌개,제일곱창 본점,37.5648218822196,127.03597450819
순두부찌개,바이춘천 송리단길점,37.5071989079576,127.107812224531
순두부찌개,오이지 대학로,37.581846526049,127.000184764119
순두부찌개,봉고기,37.506883854568,126.884036662859
순두부찌개,백년옥,37.4811966694583,127.013775159774
순두부찌개,간장삼겹살 동방생고기 건대점,37.5421491984204,127.069884916683
순두부찌개,봉열소곱창,,
순두부찌개,제일곱창 연신내직영점,37.6197626417004,126.918539854605
순두부찌개,뚝배기집,37.5695562212513,126.988510058479
순두부찌개,대승곱창,37.5616391536464,126.924578320532
순두부찌개,제일곱창 방이직영점,37.5136414934581,127.10884310222
순두부찌개,뚝도농원,37.5451339595278,127.053256342704
순두부찌개,망원동맛집 초월양곱창,37.553044745122,126.906475304587
순두부찌개,나리의 집,37.5369083075217,127.000040053449
순두부찌개,제순식당 성신여대점,37.5918257346199,127.018499259739
순두부찌개,전주식당,37.6185353708275,127.07736255034
순두부찌개,오이지 연남,37.5596602534091,126.925649637142
순두부찌개,연탄돼지갈비,37.5937591862512,127.090601717507
순두부찌개,거복이식당,37.5928009774922,127.052174864528
순두부찌개,연세로갈매기,37.5586259519734,126.934386772655
순두부찌개,뉴서울분식,37.5031390927328,127.089319650995
순두부찌개,고도식 마포점,37.5397308784185,126.943142441441
순두부찌개,중랑등갈비 상봉본점,37.5925990085216,127.074594972362
순두부찌개,표현식당 방이점,37.5140991981912,127.108162047891
순두부찌개,신가네 왕코 등갈비,37.5788453389319,127.068679677431
순두부찌개,24시서울밥집,37.4831942527483,126.927570796996
순두부찌개,뭉텅 홍대점,37.5486449992946,126.920238485442
순두부찌개,월화갈비,37.5133146983831,126.893528263865
순두부찌개,문성골족발집,37.4807396753723,126.927931907461
순두부찌개,곱 문래본점,37.5174631210953,126.896493699106
순두부찌개,대소상회 까치산점,37.5284060908318,126.846849764776
순두부찌개,구파발맛극장,37.6342576294538,126.918550997661
순두부찌개,수가성,37.5151260924891,127.102480310867
순두부찌개,나리식당,37.524480463705,127.041692454761
순두부찌개,까치네분식,37.5444709209384,126.969675685003
순두부찌개,압구정제주집,37.5215199676606,127.031109141031
순두부찌개,송정식당,37.5702345432893,127.005872481261
순두부찌개,영삼이네우정소갈비 압구정직영점,37.5261704721932,127.036816965046
순두부찌개,영동족발 본점,37.4845842002925,127.037999348618
순두부찌개,853,37.5747351209005,126.985105149215
순두부찌개,충북식당,37.5475634041181,126.835651854052
순두부찌개,영동족발 양재3호점,37.4842191864557,127.038325697852
순두부찌개,곱 마포점,37.5410415983081,126.949356635462
순두부찌개,위풍당당족발,37.5452842944977,127.056449654682
순두부찌개,혜화곱창,37.5826930979425,127.000648719603
순두부찌개,덕수정,37.5658673496484,126.972568956334
순두부찌개,스몰,37.5119106087677,126.892077278978
순두부찌개,쌍대포소금구이 본점,37.5455836506879,126.970011767483
순두부찌개,양인환대,37.5301466215658,126.969969527032
순두부찌개,새돌집,37.5206301397046,127.036162554013
순두부찌개,위풍당당족발 신당점,37.5650829518773,127.018020650943
양념게장,춘남식당,37.5615896264821,126.918127413756
양념게장,조은집,37.5685761146483,126.931084576191
양념게장,명현만간장게장무한리필,37.5515008030203,126.91395024016
양념게장,본가진미간장게장,37.5083270530231,127.111312208939
양념게장,순미네행복게장 동대문점,37.5677113760105,127.007765983844
양념게장,레알 간장게장 무한리필 본점,37.6368480826814,127.030126161232
양념게장,부일숯불갈비,37.5181453472153,126.908715270203
양념게장,한옥정,37.5725856773053,127.056255742304
양념게장,장지녕 간장게장,37.532381186051,127.007257834517
양념게장,대성갈비,37.5471270802684,127.044018297076
양념게장,일미간장게장,37.5708963505639,127.071502974477
양념게장,홍대간장게장 홍일품,37.5480763374107,126.918723849723
양념게장,화춘옥 청담점,37.5214834460024,127.037710249005
양념게장,리정원 연희점,37.5657821197859,126.928645664118
양념게장,옹기꽃게장,37.6885019308631,127.041255889202
양념게장,김숙성,37.549194547571,126.938342649817
양념게장,평해옥,37.5733988267483,126.988941667722
양념게장,삼각산숯불생고기,37.6587466109898,127.013291906529
양념게장,옥봉갈비,37.5092591002822,127.085640219332
양념게장,도산뚝배기,37.5215513588997,127.038617070217
양념게장,영동삼미숯불갈비,37.5094736193094,127.022917114554
양념게장,기깔난게장 무한리필 장안동본점,37.5670706913176,127.067266203438
양념게장,평해옥,37.5733988267483,126.988941667722
양념게장,리정원 신촌점,37.5591556137153,126.939378744853
양념게장,라메흐꺄도,37.5211270318868,126.887036322921
양념게장,감나무집기사식당,37.5618980731722,126.921903882667
양념게장,원조봉순게장,37.5610226183,126.962192415514
양념게장,정선할매,37.601493392869,126.932876077966
양념게장,도마 중림동점,37.5582942473361,126.967100385147
양념게장,팔식당,37.5237373375472,127.049353121756
양념게장,무학,37.5648440772202,127.025884299876
양념게장,게방식당,37.5172793416394,127.039438577106
양념게장,등화,37.5034732719207,127.036859536833
양념게장,조은집,37.5685761146483,126.931084576191
양념게장,홍익게장 홍대본점,37.5592971076413,126.916805613021
양념게장,게장뷔페,37.4924498997752,126.92705719227
양념게장,삼순이게장,37.5652996507752,126.812122399757
양념게장,만석갈비,37.5636340088213,127.032884645485
양념게장,화야,37.6024778960629,127.033241129957
양념게장,큰기와집,37.5787470168012,126.985411258625
양념게장,장안동 먹깨비 간장게장 해물아구찜,37.5688108189618,127.069843827191
양념게장,게새장터,37.4975461306128,127.031093425879
양념게장,이가갈비,37.5600604827223,127.040933252194
양념게장,프로간장게장 신사본점,37.5145780257989,127.019168572867
양념게장,돌판집,37.6464195318033,127.008571542548
양념게장,수유갈비 산성골,37.6347590276028,127.027676024898
양념게장,갈비생각 발산점,37.5588030473716,126.841096965391
양념게장,육명갈비,37.5629586892799,127.033605335286
양념게장,오다리집 간장게장,37.5024741248281,127.036929842086
양념게장,한솥밥,37.6004006141895,127.099177047034
양념게장,갈비사랑,37.4824780437509,127.036729599792
양념게장,대문한정식,37.6637007124723,127.027547248279
양념게장,일품진진수라 강남점,37.4920207116979,127.009620980568
양념치킨,한신치킨호프,37.5087856196011,127.003544417873
양념치킨,효도치킨 광화문점,37.5746362867009,126.971058563556
양념치킨,남원통닭,37.5804162833524,127.042785999351
양념치킨,맛나닭가마솥치킨,37.496970162139,127.152183483831
양념치킨,동경통닭,37.5804584204908,127.042367821297
양념치킨,해남닭집,37.5439944530863,127.070023557904
양념치킨,닭장맥주 발산점,37.559915259194,126.8343608462
양념치킨,농부와닭동네 여의도MBC점,37.5260558187275,126.930769729764
양념치킨,경원치킨,37.4761196571183,126.963677000575
양념치킨,치킨빠스,37.4730945210073,127.039129900303
양념치킨,후렌드치킨,37.534611590768,126.98802947752
양념치킨,미락치킨 경복궁본점,37.5776319342037,126.971891852377
양념치킨,남원통닭 별관,37.5804162833524,127.042785999351
양념치킨,양재닭집,37.4843108450591,127.03796596878
양념치킨,국민통닭 잠실본점,37.5062773604789,127.099387961215
양념치킨,가본통닭,37.5114408343851,126.954538387154
양념치킨,베이직프라이드치킨 새절샬롬점,37.5944331928977,126.915435579865
양념치킨,홀려버린닭 치킨 둔촌 본점,37.5276856233608,127.131165764303
양념치킨,더블플레이치킨 홍대점,37.5582208161446,126.922972042153
양념치킨,부암동치킨,37.5445550752626,126.967315424575
양념치킨,야망,37.5589464545006,126.921974078309
양념치킨,삼성통닭 본점,37.5834553888909,127.02933612381
양념치킨,닭장맥주 서울대입구점,37.4782407660496,126.956347518093
양념치킨,수셰프치킨 구의점,37.5400582927412,127.085061707316
양념치킨,수셰프 치킨 강변점,37.5329089792622,127.091872490112
양념치킨,반포치킨,37.5022994123256,127.010470836763
양념치킨,라피노 야채치킨,37.5605741500592,126.812373643926
양념치킨,튀김장인 석촌점,37.5050031677471,127.110243595402
양념치킨,시고르통다르닭 이수역점,37.4852497996243,126.980127050535
양념치킨,한강치킨,37.5204240193546,126.974263969076
양념치킨,원조마늘통닭 문래본점,37.5157817967875,126.891319613614
양념치킨,감계무량 당산본점,37.5334861979398,126.901037102211
양념치킨,강남통닭호프,37.500741728986,127.033405194664
양념치킨,어거스트치킨 본점,37.486489159598,126.994752116811
양념치킨,어거스트치킨 여의도점,37.5195487940187,126.930488645764
양념치킨,뱀파이어 치킨,37.509407082837,127.025330277087
양념치킨,한강치킨 광화문점,37.5747202938295,126.970832352419
양념치킨,어거스트치킨 양재역점,37.4840177269747,127.035117473843
양념치킨,이수통닭,37.484573287516,126.983403101465
양념치킨,신사호프,37.5159574825307,127.018478027242
양념치킨,일인반닭,37.4820077948762,126.929642229259
양념치킨,영광통닭,37.5809555468981,126.968430845571
양념치킨,베이직프라이드치킨,37.5605241280745,126.906507607006
양념치킨,오늘통닭 수유본점,37.640871589257,127.029135366536
양념치킨,치킨과 국물닭발,37.5013376493914,127.091520868737
양념치킨,온씨닭집,37.498070609862,126.943987701662
양념치킨,청 치킨 본점,37.5154937300715,127.113299840522
양념치킨,찌웅이네 숯불 두마리치킨 양천1호점,37.5488988483321,126.867863587895
양념치킨,문어앤치킨 삼성점,37.5111425206875,127.056692899298
양념치킨,붐치킨 사당점,37.4780293409878,126.977855622596
육회,개화옥,37.5277407116971,127.038593901018
육회,우직서울 목동본점,37.5444815840852,126.870274606791
육회,부촌육회 본점,37.5703823624626,126.999922687164
육회,능동미나리,,
육회,시선 강남점,37.5008470038295,127.025273666946
육회,동대문허파집,37.5716405190007,126.988772696906
육회,육회자매집,37.5705761665237,126.999877974446
육회,진주육회,37.5704978639194,127.001207236708
육회,창신육회 본점,37.5704654341586,126.999845600548
육회,중계의밤,37.6430702786721,127.064011517969
육회,대관령 한우마을,37.5255648913174,127.026048899405
육회,육회어때 공덕점,37.547901474012,126.954750950936
육회,글로리식당,37.5055082291902,127.108831293223
육회,도산뚝배기,37.5215513588997,127.038617070217
육회,영천영화 청담점,37.523959970849,127.049578728066
육회,모모,37.5614075168768,126.924734292945
육회,모연 마포본점,37.5394324047183,126.943764535727
육회,산청숯불가든 을지로,37.5658338527593,126.990609042403
육회,한국회관,37.4983905097385,126.995611990694
육회,심야포차 시실리,37.5309868042101,126.969964890998
육회,육미안 혜화점,37.5833118101914,126.999362483366
육회,산울림1992,37.5546396238222,126.930526684887
육회,야끼니꾸청량 청량리본점,37.576017186231,127.048149374268
육회,육회한사이,37.5825184776366,127.088126361985
육회,청화접,37.5632966787426,126.925654965044
육회,진주육회 4호점,37.5699757268247,126.998029608751
육회,고우가 여의도점,37.5221803249647,126.919916550827
육회,우천식육식당 청담본점,37.5238129525119,127.051622809365
육회,윤공 Korean Bistro,37.4786441406149,126.979583523977
육회,몽주방,37.5487045452801,126.919163824865
육회,부촌육회 별관,37.5706770780112,126.999889520314
육회,진주육회 3호점,37.5704986692802,127.00166262475
육회,부농정육식당,37.5003986295802,127.091393740163
육회,금성회관 합정본점,37.5483378489878,126.918392565234
육회,육회자매집 종로3호점,37.5706848236139,127.000842860478
육회,신림정,37.4886506348622,126.928851389475
육회,다몽집 신논현본점,37.5018423748736,127.027168865561
육회,백제정육점,37.5726598289616,127.004040878995
육회,송리단양조장,37.5094038127388,127.109998298112
육회,육회어때 응암점,37.5887506749647,126.914986397004
육회,부뚜막,37.4847136870226,126.92752794785
육회,육회어때 경의선숲길점,37.5455821363431,126.945993890183
육회,유캔하이 혜화역점,37.5833428955807,126.999622426059
육회,자연축산,37.569934665347,127.039114513608
육회,무식당 성수본점,37.5470849992423,127.045222075925
육회,호보식당,37.4980324009469,127.034664677708
육회,어머니대성집,37.5774742408426,127.028564198078
육회,가성비,37.4878273617104,126.913061206175
육회,육영토종한우 본점,37.5286701281557,126.898129955018
육회,홍천한우,37.4869640877949,127.014009142827
육회,본고향맛집 동묘점,37.5714927345105,127.016084704544
육회,역전포차,37.5347597773328,126.901810781747
육회,뚝방집,37.5713825413725,127.040519485291
육회,천막집,37.5890986959334,127.019098673515
잡채,꽃밥에피다,37.5752757553219,126.984015119593
잡채,색동저고리,37.5408704167269,126.948957553421
잡채,원조누드치즈김밥,37.5701125140082,126.999707163125
잡채,담,37.4802401962069,127.014215239186
잡채,오향만두,37.5669355712865,126.93014671786
잡채,양반댁,37.5724228675599,126.986345478823
잡채,강동반상,37.5498036802654,127.175347693962
잡채,천향 도곡점,37.4845267060658,127.042272207556
잡채,섭생정식 창동본점,37.6514452431588,127.045912956978
잡채,고반가든 여의도본점,37.5205516402625,126.929475399114
잡채,산들해반포,37.5043279449175,127.001088324244
잡채,일품진진수라 강남점,37.4920207116979,127.009620980568
잡채,다온정,37.4982731528936,127.033082927872
잡채,고미정,37.5727032919594,126.937032800217
잡채,한옥집김치찜 본점,37.5672716927969,126.964330722367
잡채,노랑저고리,37.4983082485546,127.025227802646
잡채,송죽장,37.5182520985876,126.904700613521
잡채,제일분식,37.6125852455048,127.028957382492
잡채,사대부집 곳간,,
잡채,하모,37.5233547626996,127.032799309505
잡채,산들해 송파점,37.5168418632122,127.113151435777
잡채,대가방 본점,37.5105620922653,127.043036549402
잡채,미건테이블,37.5546504899672,127.071346663496
잡채,가담,37.5263661402159,127.030258157623
잡채,마지,37.5776100466268,126.970805300872
잡채,인사동 촌,37.574990463768,126.985112909359
잡채,설가온,37.5718478584908,126.976168275947
잡채,필녀의 한정식,37.5026996589609,127.138331533475
잡채,천미미 구로점,37.4821208740528,126.901415809881
잡채,갸우뚱,37.581586048226,127.00040949111
잡채,중화복춘,37.5596469240409,126.923960443584
잡채,툇마루밥상,37.4796683841344,127.124913859704
잡채,녹원쌈밥 연희점,37.5724812434425,126.934145957025
잡채,대방골,37.5309293878191,126.921083475319
잡채,서궁,37.5202061193308,126.931800002781
잡채,시골집,37.476864337445,126.95846809511
잡채,조은집,37.5685761146483,126.931084576191
잡채,하이보,37.506926620567,127.062599867324
잡채,대문한정식,37.6637007124723,127.027547248279
잡채,하하,37.5632552699346,126.92514318297
잡채,황칠나라 풍년옥,37.4801442199632,126.951891972452
잡채,마실한정식 발산점,37.5581136160559,126.839771765415
잡채,롤앤롤김밥,37.5486348093057,126.939841050057
잡채,한양중식 종로점,37.5707451369668,126.983611410428
잡채,편안한집,37.5873213143388,126.98332268484
잡채,가화만사성,37.5570512259571,126.936096541612
잡채,진가,37.5609097649656,126.924952328688
잡채,해피니스 혜화대학로점,37.5824361359714,126.999689453446
잡채,다올 숯불구이 명동점,37.5631800634805,126.98396292275
잡채,주사부,37.5348356740197,126.974865912172
제육볶음,삼백호집 신논현점,37.5064963346881,127.024290249223
제육볶음,제주일품순두부 명동점,37.5630678689105,126.985185117182
제육볶음,굴다리식당,37.5421160247986,126.950811737715
제육볶음,별미볶음점,37.5207908297398,126.926911965929
제육볶음,도꼭지 KT송파타워점,37.5138710747422,127.106364392884
제육볶음,충북식당,37.5475634041181,126.835651854052
제육볶음,제순식당 성신여대점,37.5918257346199,127.018499259739
제육볶음,이양권반상 홍대점,37.555121737847,126.927659795532
제육볶음,봉이밥,37.5690270688312,126.827780298847
제육볶음,전주식당,37.6185353708275,127.07736255034
제육볶음,할머니의 레시피,37.5461743475135,127.043085869776
제육볶음,달청,37.5283926142377,127.123241738292
제육볶음,24시서울밥집,37.4831942527483,126.927570796996
제육볶음,전주집,37.570258843917,127.006378355048
제육볶음,청담골,37.5227679418531,127.043405669306
제육볶음,일미식당,37.5727635233966,126.987902476529
제육볶음,배터리88 홍대점,37.5513629257601,126.922776304926
제육볶음,매화쌈밥 롯데백화점 잠실점,37.5113096112036,127.098141751177
제육볶음,참터식당,37.501182709373,127.128203781641
제육볶음,광화문집,37.571373869928,126.974982570478
제육볶음,들풀한상,37.5555074270899,126.919805526616
제육볶음,광주식당,37.5804832127777,127.043807882265
제육볶음,소문난의정부부대찌개 고대점,37.5882915910535,127.035154403862
제육볶음,무진장숯불화로구이,37.5487080469379,127.172054120016
제육볶음,너도나도식당 선유도본점,37.5382334285342,126.893922350178
제육볶음,고미정,37.5727032919594,126.937032800217
제육볶음,산들애건강밥상,37.6561351230062,126.949238788923
제육볶음,평양고깃집,37.5727599914497,126.985356392794
제육볶음,양재오제섞어 양재본점,37.4810601745986,127.041483123497
제육볶음,군산식당,37.5387240873469,127.130562896655
제육볶음,백년 도담돌솥밥,37.5553456849343,126.923868843371
제육볶음,청실홍실,37.4995386480963,126.998876348435
제육볶음,삼돌멸치쌈밥,37.6878113553822,127.042458633496
제육볶음,양지식당,37.5739273013678,127.006982483747
제육볶음,신미식당,37.5279935871042,127.030734534472
제육볶음,함지박,37.4981916915481,126.952602909175
제육볶음,도읍지,37.5930706847977,127.053094369606
제육볶음,민들레밥상,37.5191340498827,126.930928156399
제육볶음,성씨네삼장집,37.5266478506594,127.037303318538
제육볶음,옹달샘 본점,37.5484563340551,126.91971236648
제육볶음,장독대김치찜김치찌개 용산점,37.5297718014452,126.964741503485
제육볶음,무월식탁,37.5026253158477,127.027312099542
제육볶음,전주청국장집,37.5153529303454,127.017751581004
제육볶음,전주풍남회관,37.5685695486131,126.97597960866
제육볶음,덕봉식당,37.4695260024167,126.934472868269
제육볶음,한옥정,37.5725856773053,127.056255742304
제육볶음,이경진우렁쌈밥정식 오금점,37.5078334165339,127.133464301992
제육볶음,정든다락,37.5647960477713,126.976227682258
제육볶음,어부사시가,37.4790125158242,126.954296310531
제육볶음,수정식당,37.5697571674595,126.98876166011
제육볶음,정원쌈밥보리밥,37.4719592987956,126.935012240902
제육볶음,수라간,37.5619762648442,126.924654153
제육볶음,찐짜솥뚜껑삼겹살갈비,37.5420811398406,127.053772412532
제육볶음,청국장서갈비,37.5024968609524,127.050272610094
족발,더맛있는족발보쌈 한양대점,37.5595557237992,127.040469845279
족발,마왕족발 홍대점,37.5556973764683,126.925472836126
족발,수향가 사당직영점,37.4767282746333,126.98460898046
족발,성수족발,37.5459871942742,127.054270741555
족발,창신동매운족발,37.5730232516528,127.011481644557
족발,뽕나무쟁이 선릉본점,37.5031995277517,127.052001164203
족발,화곡영양족발,37.5432592790771,126.843502478979
족발,평안도족발집,37.5602620387297,127.00604939208
족발,허브족발,37.5342555704657,126.90256383234
족발,연남족발1987,37.5598042564147,126.923988918215
족발,팔당족발,37.5167635081981,127.037812844426
족발,리북집,37.5087080835741,127.023588823983
족발,뚱뚱이할머니집,37.5604125130083,127.005895251903
족발,밀각 가락본점,37.4948868947464,127.120093192726
족발,밀각 대치직영점,37.498126662993,127.054252144435
족발,원조1호장충동할머니집,37.5602493425952,127.005892749073
족발,마포왕족발,37.5445969349288,126.953272402839
족발,영동족발 양재3호점,37.4842191864557,127.038325697852
족발,영동족발 본점,37.4845842002925,127.037999348618
족발,회기왕족발보쌈,37.5908543341504,127.053494637496
족발,대두족발,37.4831031497728,126.900765644388
족발,마포소문난원조족발,37.5447947887537,126.953258247848
족발,예가족발 본점,37.5330169698043,127.138782705213
족발,족발신선생 목동점,37.5262686700052,126.862618797348
족발,홍능족발,37.5820709616218,127.044958497105
족발,석계창신동매운족발 1호점,37.6129853199329,127.064730862556
족발,문성골족발집,37.4807396753723,126.927931907461
족발,여진족,37.4786145443079,126.983326748977
족발,양재족발 참족,37.4887512014819,127.033148946277
족발,권식족발 성수본점,37.5455816047743,127.054379079618
족발,천하무족 본점,37.4779306351813,126.978587691612
족발,뽕족 강남역본점,37.4973973244605,127.030244769147
족발,교대평상집,37.492088163799,127.01281837401
족발,위풍당당족발,37.5452842944977,127.056449654682
족발,서래족발,37.4902887138253,126.991681639183
족발,청년족발 마곡본점,37.5582829549403,126.829009917866
족발,할매집,37.5756709915061,126.971439207623
족발,조옥당 약수역본점,37.5570070668676,127.011343488999
족발,몽땅족발,37.5401794774236,127.125148594623
족발,옥천매운족발,37.573178304614,127.011566342099
족발,보들이족발,37.6185411912403,126.920817325713
족발,신도림참족발,37.5096619486431,126.887986372819
족발,마당족발,37.5462289950777,127.073331486673
족발,족발선생,37.5393721201056,127.126727257694
족발,송파족발,37.5386539726559,127.090190805314
족발,영동족발 방이직영점,37.5132297767223,127.108110685676
족발,예가족발 본점,37.5330169698043,127.138782705213
족발,오향족발,37.5447947887537,126.953258247848
족발,진향족발,37.5713161037129,127.003445954234
족발,쉼터왕족발,37.6783455358328,127.055593563384
족발,건대족발,37.5430882573772,127.069363131879
족발,마포유가궁중족발 마포본점,37.5447947887537,126.953258247848
족발,비둘기집,37.5075495424975,126.903833277307
족발,꽃보다족발 본점,37.5637594661972,127.034331329961
주꾸미볶음,나정순할매쭈꾸미,37.5770815033236,127.030694586665
주꾸미볶음,송쭈집 마곡,37.5680890965874,126.825424095847
주꾸미볶음,봉이밥,37.5690270688312,126.827780298847
주꾸미볶음,삼청동수제비,37.5846096603006,126.981924600907
주꾸미볶음,대홍집 잠실새내본점,37.5099761918389,127.08093758217
주꾸미볶음,칼스토랑,37.5551250509939,126.818564499914
주꾸미볶음,최원석의돼지한판&서해쭈꾸미 건대1호점,37.5418445323492,127.065714273679
주꾸미볶음,동묘집,37.5717027464513,127.014783086474
주꾸미볶음,떡상,37.5750461057127,126.984802722031
주꾸미볶음,산들애건강밥상,37.6561351230062,126.949238788923
주꾸미볶음,삼형제쭈꾸미 대학로점,37.5813130594373,127.004305471398
주꾸미볶음,보들이쭈꾸미,37.5983041339208,126.913096566963
주꾸미볶음,여의도불맛쭈꾸미,37.521470230225,126.924971147893
주꾸미볶음,연남동주막,37.5590972808816,126.921429870291
주꾸미볶음,정든다락,37.5647960477713,126.976227682258
주꾸미볶음,순천집,37.5128873135611,126.934587901193
주꾸미볶음,삼해집 영등포점,37.5188783556305,126.909003846404
주꾸미볶음,경식이네알쌈쭈꾸미 본점,37.4830500418954,126.914053564803
주꾸미볶음,약수동해물텀벙,37.5535675597109,127.01079488285
주꾸미볶음,주막,37.5428436189268,126.95133595616
주꾸미볶음,제나키친,37.6034129687094,127.041678711062
주꾸미볶음,감성쭈꾸미 노원점,37.6708275957536,127.055377806803
주꾸미볶음,미건테이블,37.5546504899672,127.071346663496
주꾸미볶음,주막보리밥,37.5582028873199,126.9290107594
주꾸미볶음,쭈담 시청직영점,37.5671421016237,126.980368823536
주꾸미볶음,철수네 뽕잎칼국수&불쭈꾸미,37.603300012239,127.042108302625
주꾸미볶음,가가솥밥 강남점,37.4950254499168,127.031861565371
주꾸미볶음,서천집,37.479966429878,126.88263620024
주꾸미볶음,교동집,37.5585350744743,126.923651126202
주꾸미볶음,임오네 쭈꾸미 본점,37.5771559482381,127.030952387746
주꾸미볶음,올레쭈꾸미,37.5641946006935,126.926645926609
주꾸미볶음,뻐꾸기 본점,37.5189902925455,127.025134654246
주꾸미볶음,쭈담 본점,37.5627672227486,126.991833630143
주꾸미볶음,쭈왕 후암점,37.5520189034396,126.976612099372
주꾸미볶음,두루미,37.5664062034962,126.920014338131
주꾸미볶음,쭈낙제,37.5247852377005,126.885866843887
주꾸미볶음,제면청년 본점 불쭈꾸미&칼국수,37.4945222528654,126.859102583368
주꾸미볶음,발리&발리맥주 방이점,37.5130158056097,127.109849770376
주꾸미볶음,철수네포장마차,37.4984493458825,127.052586150044
주꾸미볶음,상도쭈꾸미,37.5058900512822,126.950162127207
주꾸미볶음,본가서대문족발 본점,37.5644425856235,126.966874363615
주꾸미볶음,삼청골명가 더수제비 선릉직영점,37.5049015559149,127.043942712902
주꾸미볶음,보끔당 성수점,37.545048444535,127.055814549422
주꾸미볶음,찌개의정석 마포성산본점,37.5644515105993,126.911816146929
주꾸미볶음,망월포차,37.4836153563124,126.900317682304
주꾸미볶음,보끔당 노원점,37.6544548276974,127.062677840248
주꾸미볶음,강촌원조쭈꾸미본점,37.4832944262439,127.036215443199
주꾸미볶음,오심숙이 쭈꾸미 낙지 가락직영점,37.4954997246314,127.119148575904
주꾸미볶음,덕이손만두,37.5490684996154,126.909885481104
주꾸미볶음,연락,37.56229681327,126.99184556578
짜장면,한양중식,37.4846614982049,127.120933640924
짜장면,일일향 을지로점,37.5683743371683,126.982291534544
짜장면,무탄 압구정 본점,37.5272989341349,127.030310574565
짜장면,목란,37.5683879983016,126.930489467973
짜장면,청북경오리,37.5598184721733,126.83524805093
짜장면,송죽장,37.5182520985876,126.904700613521
짜장면,갸우뚱,37.581586048226,127.00040949111
짜장면,홍명,37.514527434771,127.029454131234
짜장면,영화루,37.5801403039811,126.969021357276
짜장면,무탄 코엑스점,37.5118239121138,127.059159043842
짜장면,영화장,37.5965814813787,127.060942053934
짜장면,중화요리 팔공,37.4840824266542,126.937097299683
짜장면,천미미 구로점,37.4821208740528,126.901415809881
짜장면,안동장,37.5661128743674,126.991579946841
짜장면,꽁시면관 본점,37.5614001314448,126.983219130249
짜장면,대가방 본점,37.5105620922653,127.043036549402
짜장면,무탄 광화문점,37.5696425113058,126.972139469043
짜장면,유방녕 더현대서울점,37.5251913154781,126.929112756574
짜장면,정,37.5450481187804,126.96705143888
짜장면,옛날 중국집,37.5908227672503,127.004375540476
짜장면,연경 연희점,37.5705757964955,126.933622857037
짜장면,동해반점,37.4893669304155,126.906363206129
짜장면,칭닌,37.5541536723523,126.957893788452
짜장면,페이자이,37.4784047058322,126.883358589722
짜장면,중화원,37.6099537410914,126.931713944728
짜장면,제제,37.5479012490403,127.042458362312
짜장면,서울신라호텔 팔선,37.5575055053737,127.007952910656
짜장면,해피니스 혜화대학로점,37.5824361359714,126.999689453446
짜장면,한양중식 종로점,37.5707451369668,126.983611410428
짜장면,천미미,37.517382475711,127.020330650586
짜장면,설화,37.6573543256891,127.064264260882
짜장면,한양중식,37.4846614982049,127.120933640924
짜장면,만옥 롯데월드몰점,37.5137129859207,127.104301829165
짜장면,범가,37.5470347165634,127.103474300205
짜장면,친니,37.5718478584908,126.976168275947
짜장면,현래장,37.5384252113104,126.94498558914
짜장면,동흥관,37.4552239556402,126.898598446467
짜장면,명화원,37.5363593950027,126.974625873869
짜장면,봉게짬뽕 강남역본점,37.5035681267212,127.027318210827
짜장면,태향,37.553180322049,126.974587465932
짜장면,동보성,37.5582707910458,126.924177784891
짜장면,짬뽕선수,37.5920940409929,127.016749714293
짜장면,홍릉각,37.58286058803,127.039960536943
짜장면,유가,37.5566718882239,126.981473444416
짜장면,대관원,37.5294124502066,126.897906297847
짜장면,중화일상 송파점,37.5072978726151,127.10953771615
짜장면,미식반점 군자본점,37.5490604497643,127.07086163412
짜장면,무한자금성,37.4839543151881,126.894103271526
짜장면,홍차이 발산본점,37.5605729719154,126.837593310628
짜장면,도일처,37.5619556635776,126.80768066648
짜장면,정아각 수유점,37.6417413161239,127.024768284923
짜장면,천향 도곡점,37.4845267060658,127.042272207556
짜장면,중화객잔 수,37.5315605721866,126.971835159116
짜장면,이품,37.5675446845976,126.930062500433
칼국수,대한국수,37.5543605777898,126.85333979696
칼국수,삼청동카츠 화곡점,37.53163236701,126.858454559049
칼국수,명동교자 본점,37.562573201873,126.985755097262
칼국수,대련집,37.5684318339367,126.989091477256
칼국수,진주집,37.5207908297398,126.926911965929
칼국수,황생가칼국수,37.5800790856895,126.980668605391
칼국수,가양칼국수버섯매운탕,37.5208724804701,126.931298156696
칼국수,임병주산동칼국수,37.4845663234169,127.029985196755
칼국수,하니칼국수,37.5661739140676,127.017173689716
칼국수,명동교자 분점,37.5633983507594,126.985156076281
칼국수,신가네칼국수,37.6356927168152,127.070239129102
칼국수,사랑방칼국수,37.5632731870055,126.991337371016
칼국수,진옥화할매원조닭한마리,37.5703737556489,127.005697491267
칼국수,연희동칼국수 본점,37.5682196656297,126.930750646672
칼국수,황도바지락칼국수,37.5042941822869,127.106094189934
칼국수,더식당 명동본점,37.5622652128073,126.985521318439
칼국수,혜성칼국수,37.5834249035109,127.04898605372
칼국수,삼청동수제비,37.5846096603006,126.981924600907
칼국수,능동미나리,,
칼국수,깡통만두,37.5781501001946,126.986091413804
칼국수,논현손칼국수,37.5076083505421,127.032219561758
칼국수,등촌 최월선칼국수,37.5560425503116,126.856708298569
칼국수,천수냉면 본점,37.5065993935184,126.909484496594
칼국수,등촌샤브칼국수 공덕점,37.5472417509317,126.954485874148
칼국수,영일분식,37.5163155606086,126.889677665864
칼국수,맛짱조개,37.5171579689591,127.036373761803
칼국수,혜화칼국수,37.5865672706825,127.001506851073
칼국수,체부동잔치집,37.5765518168746,126.971493775769
칼국수,공항칼국수,37.5609595311681,126.809129234237
칼국수,훼미리손칼국수보쌈,37.5495264804791,127.044629777329
칼국수,칼스토랑,37.5551250509939,126.818564499914
칼국수,옛날 칼국수,37.6550688080345,127.059980216361
칼국수,백부장집 닭한마리,37.571820433208,126.982689062851
칼국수,장칼집,37.4993123159107,127.102657618175
칼국수,한성칼국수 논현본점,37.5206301397046,127.036162554013
칼국수,신천샤브칼국수,37.5109337939061,127.082608288208
칼국수,등촌동샤브칼국수 망우본점,37.5993115759551,127.098975506863
칼국수,엘림들깨수제비칼국수,37.6399961391155,127.011775197243
칼국수,찬양집,37.5727926647887,126.990277059844
칼국수,닭한마리 공릉본점,37.6212001675462,127.074791410747
칼국수,오죽이네,37.5737804677873,126.990804674931
칼국수,충무칼국수,37.601799895141,126.929001628625
칼국수,오향절면 양재본점,37.4858253305803,127.035716677085
칼국수,꾸왁칼국수,37.5682503042622,126.997229042045
칼국수,봉평옹심이메밀칼국수,37.5459544226874,126.955242785247
칼국수,명동교자 이태원점,37.5308724261931,126.990955664546
칼국수,정성손칼국수,37.5313629570449,126.971354288232
칼국수,홍두깨손칼국수,37.5561838524433,126.906288604852
칼국수,문배동육칼 본점,37.536622835952,126.97032390234
칼국수,김광석신촌칼국수 본점,37.5556777084562,126.939445165915
칼국수,유닭스토리 닭한마리 신촌점,37.557083987471,126.937376871643
칼국수,굴과찜사랑,37.5603529338675,127.032905160456
칼국수,응순가재골수제비,37.6744319862369,127.060646110249
칼국수,가메골손왕만두 남대문본점,37.558364188842,126.977119642563
파전,시골막걸리,37.665066086443,127.058023631956
파전,김창훈주막,37.5426384155402,127.069928145524
파전,대련집,37.5684318339367,126.989091477256
파전,삼청동수제비,37.5846096603006,126.981924600907
파전,도동집,37.552844075677,126.976805700729
파전,신가네칼국수,37.6356927168152,127.070239129102
파전,체부동잔치집,37.5765518168746,126.971493775769
파전,인사동 항아리수제비,37.5741429230437,126.986055481766
파전,토속촌 삼계탕,37.57760304027,126.971632166657
파전,응순가재골수제비,37.6744319862369,127.060646110249
파전,이모네왕파전,37.5891758798869,127.056010640964
파전,백년옥,37.4811966694583,127.013775159774
파전,동묘집,37.5717027464513,127.014783086474
파전,대홍집 잠실새내본점,37.5099761918389,127.08093758217
파전,혜화도담,37.5830258357993,127.000436557404
파전,옛날 칼국수,37.6550688080345,127.059980216361
파전,동래별장,37.5140776771508,127.108834573691
파전,뱃고동,37.5268432256129,127.038032539484
파전,훼미리손칼국수보쌈,37.5495264804791,127.044629777329
파전,리두부로,37.4437229644264,127.055728121314
파전,하순옥황금안동국시 목동본점,37.5280169945095,126.870615708032
파전,금호동매운닭발,37.5558555943525,126.926194388848
파전,가락골전집,37.4970406706156,127.120965926746
파전,줜막걸리아노,37.5621247680055,126.924542744133
파전,고래아방,37.5281783139269,126.875771989415
파전,수라간,37.5619762648442,126.924654153
파전,정담은보쌈 신림점,37.4852197511771,126.935393665372
파전,영원식당,37.526230418785,126.931053635796
파전,한소반 청계산점,37.4437193720836,127.058682517335
파전,뚱뚱이할머니집,37.5604125130083,127.005895251903
파전,몽주막,37.548833129266,126.919841534344
파전,리북집,37.5087080835741,127.023588823983
파전,숭례도담,37.5636455246346,126.977870825927
파전,소담채,37.4432696116318,127.055456236061
파전,신풍낙지,37.5005413507566,126.89793498924
파전,들풀한상,37.5555074270899,126.919805526616
파전,장독대,37.5083731799022,126.961636282395
파전,79번지국수집,37.5926788782586,127.05097160045
파전,남도보쌈파전,37.5743253947157,127.071291169328
파전,영동족발 본점,37.4845842002925,127.037999348618
파전,일번지육개장,37.5067411635893,127.005520174535
파전,대원칼국수,37.5379721361606,127.086647241261
파전,평상술집,37.503922937246,127.054614059483
파전,스몰,37.5119106087677,126.892077278978
파전,노량진할머니왕파전,37.511438813514,126.944535556457
파전,대포집 가락본점,37.4958064007339,127.120507079663
파전,연남주막1987,37.5593293044974,126.923932245201
파전,리파인 압구정로데오점,37.5265279290001,127.038972147407
파전,서리풀식당,37.4915680250626,127.013511898868
파전,원조1호장충동할머니집,37.5602493425952,127.005892749073
파전,영동족발 양재3호점,37.4842191864557,127.038325697852
파전,북촌도담,37.5773440622555,126.985278288305
파전,가로수 그곳,37.5179477021889,127.021697932358
파전,안주마을,37.5764581852171,126.9721721367
해물찜,찬란한아구 공덕직영점,37.5428436189268,126.95133595616
해물찜,약수동해물텀벙,37.5535675597109,127.01079488285
해물찜,약수동해물텀벙,37.5535675597109,127.01079488285
해물찜,보글이 생태탕왕코다리 양재역점,37.485455560479,127.030564006452
해물찜,소문난마산아구,37.5733519866702,126.988133763054
해물찜,능동아구찜,37.5572145871483,127.07839001386
해물찜,우아한아구찜 마곡본점,37.5605448342463,126.838427628497
해물찜,늘봄해물찜&손칼국수 답십리본점,37.5685603968442,127.056808153765
해물찜,마산해물아구찜,37.5795355516357,126.984583314654
해물찜,소문난마산아구해물찜 본점,37.5145901685618,127.018159733329
해물찜,길조,37.5342296017935,127.141611332609
해물찜,찜집_본점,37.578458499532,127.085941753913
해물찜,월순철판동태찜,37.5672253086557,126.929050756929
해물찜,해물한소반 사당직영점,37.4774604290224,126.980318707705
해물찜,굴과찜사랑,37.5603529338675,127.032905160456
해물찜,해담 아구찜&해물찜,37.4999101799937,127.027888884749
해물찜,신고집해물찜 화곡점,37.5432461616523,126.839237588833
해물찜,성수AGU,37.5482703984119,127.048513217985
해물찜,가락골마산아구찜,37.4974578751155,127.121717715069
해물찜,어가,37.5062150432732,127.099670399781
해물찜,해화동,37.5243933646946,126.92714963712
해물찜,서초해물찜칼국수,37.4954109950647,127.016402306519
해물찜,마린보이 코다리1번가 면목점,37.5886819136448,127.088106454619
해물찜,숲속에바다,37.6717597346064,127.007223553878
해물찜,마산아구찜,37.5983345031022,126.925920084826
해물찜,군산찜,37.564971337166,126.907399175368
해물찜,맹순이꽃게아구찜,37.5581117670688,126.837758006168
해물찜,강동해물찜해천탕,37.5322550549901,127.138577078926
해물찜,군산 은모래 해물탕 아구찜,37.4779647011586,126.98307952594
해물찜,미스터아구 신내점,37.6081552494102,127.100565859819
해물찜,오인자아구찜 본점,37.4769082427966,126.96287811279
해물찜,해다원해물찜,37.5628630095551,127.066204031365
해물찜,뚝섬해물탕,37.5373309880902,127.055694632508
해물찜,강동AGU,37.550182446633,127.13747091463
해물찜,옛날집낙원아구찜,37.5734999165726,126.988000615593
해물찜,아빠찜 문정역점,37.4864111338942,127.124263405418
해물찜,해물명가,37.5923643490703,127.013892548272
해물찜,통큰해물탕,37.5494924270594,126.866105098852
해물찜,본가왕해물찜 강서점,37.5285634749228,126.843670642586
해물찜,옥수해물찜칼국수,37.5417089096844,127.017974967673
해물찜,이모네아구탕찜,37.5391348871096,127.12605362186
해물찜,김가네찜칼국수,37.6259363374297,127.079415945795
해물찜,해물명가,37.554753524683,127.019396262546
해물찜,통큰찜 목동점,37.531848400941,126.862010744494
해물찜,신고집칼국수본점,37.6394611703098,127.070097651886
해물찜,이실이네,37.5050109107233,126.89071998072
해물찜,미스터아구 약수점,37.5535087422633,127.009542983104
해물찜,복진해물잔치마당,37.6583787141614,127.034377912242
해물찜,바다가요리한찜,37.5390578401501,126.828956294663
해물찜,가로수 그곳,37.5179477021889,127.021697932358
해물찜,오늘은해물찜 손칼국수 답십리점,37.5695652318893,127.056901962969
해물찜,미스터아구 DMC점,37.5786600317307,126.901679916213
해물찜,고창복의낙지세상 봉천점,37.4826845342451,126.941891346509
해물찜,찜집,37.5335135653847,127.076006453611
황태구이,동우황태 발산점,37.5629853472673,126.839209217691
황태구이,황태와쭈꾸미,37.5612085742601,127.005247686806
황태구이,일품진진수라 광화문점,37.5706161018862,126.980559892691
황태구이,일품진진수라 강남점,37.4920207116979,127.009620980568
황태구이,툇마루밥상,37.4796683841344,127.124913859704
황태구이,진부령황태촌 화곡점,37.5401876963218,126.841821264096
황태구이,산채가 한정식 먹골본점,37.609832718929,127.075982688299
황태구이,산들해 송파점,37.5168418632122,127.113151435777
황태구이,마드레,37.5371138684503,127.152546646736
황태구이,고향집,37.5169351319254,127.037014564178
황태구이,먹고을밥상,37.641020034819,127.040809263287
황태구이,꽃밥에피다,37.5752757553219,126.984015119593
황태구이,무지개호프,37.572152515472,127.010677121403
황태구이,산들해반포,37.5043279449175,127.001088324244
황태구이,황태본가,37.5229451843816,126.924285608734
황태구이,다북어국,37.5493702671667,126.91502073261
황태구이,육목원,37.493598852847,127.028460644794
황태구이,산들해 양재점,37.4827666361943,127.034949554107
황태구이,두부촌,37.5812026890981,127.02683596449
황태구이,우리콩순두부,37.6625347588161,127.009925037194
황태구이,전주식당,37.5698501726323,126.99114259287
황태구이,김북순큰남비집 신사본점,37.5207186841862,127.019955768192
황태구이,먹고을전주콩나물국밥 묵동본점,37.6159625594125,127.077971289131
황태구이,시래향,37.4889994957009,127.017187101343
황태구이,한일식당,37.5698501726323,126.99114259287
황태구이,태림산채정식,37.6499814152431,127.034246899809
황태구이,북촌손두부,37.5613374482326,126.97839214702
황태구이,최가네손두부,37.6757056896817,127.056682869534
황태구이,곤드레딱주기곤드레집,37.5895133964703,127.005536019256
황태구이,온마을,37.5866762079327,126.981536660244
황태구이,더맛있는밥집 이촌점,37.5185130403644,126.977597634066
황태구이,담양에초대,37.4753765702546,126.979245142307
황태구이,정순화황토방청국장 롯데백화점 노원점,37.6552787315469,127.061391730931
황태구이,풍원,37.5095631436482,127.130987577153
황태구이,우리바다생태찌개,37.4887486063504,127.013385880372
황태구이,토방,37.5301319683434,127.11252890195
황태구이,연남슈퍼,37.5615497524782,126.926833799612
황태구이,베이비기네스 삼성점,37.514356672678,127.063760712557
황태구이,보리보리옥선이시골밥상,37.6082799327366,127.003908826541
황태구이,용대리황태해장국,37.5664379717984,126.989551206163
황태구이,정순화황토방청국장 롯데백화점 미아점,37.6145929759749,127.030517678336
황태구이,대관령 두부마을,37.5275553677737,127.124564334575
황태구이,남도미항,37.5297718014452,126.964741503485
황태구이,도림동두부마을 도림동본점,37.5098987311804,126.89771911381
황태구이,두릉도원 북촌순두부보쌈,37.5010063349599,127.042696540725
황태구이,오대산산채전문점,37.4846146544206,127.039644480455
황태구이,하우림 양재점,37.4837897935629,127.038240001241
황태구이,석배,37.4941313928275,127.078783141187
황태구이,한우리 롯데백화점에비뉴엘월드타워점,37.5137129859207,127.104301829165
황태구이,누각,37.5819001662886,126.964377407539
황태구이,두메산골,37.590912802894,127.015019340405
황태구이,화수브루어리 서울강북점,37.640282181227,127.01197907255
후라이드치킨,한추,37.5240817556959,127.023448636065
후라이드치킨,계열사,37.5928758823147,126.965602533813
후라이드치킨,한신치킨호프,37.5087856196011,127.003544417873
후라이드치킨,농부와닭동네 여의도MBC점,37.5260558187275,126.930769729764
후라이드치킨,원조만선호프,37.5670111747596,126.991684886838
후라이드치킨,남원통닭,37.5804162833524,127.042785999351
후라이드치킨,맛나닭가마솥치킨,37.496970162139,127.152183483831
후라이드치킨,해남닭집,37.5439944530863,127.070023557904
후라이드치킨,만선호프 노가리체인본점,37.5672526483999,126.991781298913
후라이드치킨,JH텍사스바,37.5687660094097,126.97956155404
후라이드치킨,무지개호프,37.572152515472,127.010677121403
후라이드치킨,금강산호프,37.5479952954417,126.913220187781
후라이드치킨,치킨쌀롱,37.5926487034675,126.998875176455
후라이드치킨,후렌드치킨,37.534611590768,126.98802947752
후라이드치킨,상수동치맥,37.5490753569319,126.916900716351
후라이드치킨,감계무량 당산본점,37.5334861979398,126.901037102211
후라이드치킨,와일드트리,37.5679745986878,126.826720979429
후라이드치킨,양재닭집,37.4843108450591,127.03796596878
후라이드치킨,수현이네통닭,37.4864304668985,126.929915779623
후라이드치킨,남원통닭 별관,37.5804162833524,127.042785999351
후라이드치킨,태성골뱅이신사 여의도점,37.5196744579443,126.928930989749
후라이드치킨,쥬크비어,37.5349350800223,126.899311690856
후라이드치킨,부암동치킨,37.5445550752626,126.967315424575
후라이드치킨,호리도,37.4795209692591,126.955513191285
후라이드치킨,인디아나 치킨호프,37.5218378508926,127.041357725173
후라이드치킨,삼성통닭 본점,37.5834553888909,127.02933612381
후라이드치킨,매일더맥주 명동점,37.5647312946952,126.983858910559
후라이드치킨,베이직프라이드치킨 연신내점,37.6184177861855,126.91926635488
후라이드치킨,서울88맥주,37.5728028664402,126.991726919206
후라이드치킨,그린호프,37.5305582998968,126.969659143786
후라이드치킨,술선생잭 영등포시장점,37.5191312735587,126.907734576501
후라이드치킨,금강바베큐,37.5038111062408,127.021292917493
후라이드치킨,튀김장인 석촌점,37.5050031677471,127.110243595402
후라이드치킨,베이직프라이드치킨 새절샬롬점,37.5944331928977,126.915435579865
후라이드치킨,부엉이맥주집 부엉이키친,37.5174153444238,126.907543939792
후라이드치킨,보스포차,37.5574723115655,126.935360082689
후라이드치킨,수셰프치킨 구의점,37.5400582927412,127.085061707316
후라이드치킨,라피노 야채치킨,37.5605741500592,126.812373643926
후라이드치킨,종로술집,37.5728241431036,126.991917205462
후라이드치킨,미락치킨 경복궁본점,37.5776319342037,126.971891852377
후라이드치킨,청계천 휴,37.5687834664513,126.98550002156
후라이드치킨,꼬꼬앤사케,37.5031573673932,127.010272249747
후라이드치킨,신사호프,37.5159574825307,127.018478027242
후라이드치킨,유진치킨 홍제점,37.5914608660244,126.946074209603
후라이드치킨,원조마늘통닭 문래본점,37.5157817967875,126.891319613614
후라이드치킨,뮌헨호프,37.5648872780707,126.991992540539
후라이드치킨,달가득치킨,37.6177797860508,126.920981012189
후라이드치킨,어거스트치킨 양재역점,37.4840177269747,127.035117473843
후라이드치킨,이수통닭,37.484573287516,126.983403101465
후라이드치킨,어거스트치킨 여의도점,37.5195487940187,126.930488645764
